event,id,subject-matter-expert
rec_cobdg3tbjt595h637700,rec_coeuie5mk0vfn4o7g79g,rec_coetr98fv7n3a6lu1e30
rec_cobdg3tbjt595h63774g,rec_coeuie5mk0vfn4o7g760,rec_cobdfd4jmvif9dabl100
rec_cobdg3tbjt595h63767g,rec_conj1poc3ff4df981em0,rec_cobdfd4jmvif9dabl1og
rec_cobdg3tbjt595h6375r0,rec_conj2c88a47rhu3qk1q0,rec_cobdfd4jmvif9dabl100
rec_cobdg3tbjt595h637700,rec_consfosme3jtt40g2l40,rec_cobdfd4jmvif9dabl140
rec_cobdg3tbjt595h6376j0,rec_consg24me3jtt40g2l4g,rec_cobdfd4jmvif9dabl15g
rec_cobdg3tbjt595h6376m0,rec_coeuie5mk0vfn4o7g76g,rec_cobdfd4jmvif9dabl110
rec_cobdg3tbjt595h6375p0,rec_coeuie5mk0vfn4o7g780,rec_cobdfd4jmvif9dabl0pg
rec_cobdg3tbjt595h6375s0,rec_coeuie5mk0vfn4o7g78g,rec_coesrt5mk0vfn4o7g71g
rec_cobdg3tbjt595h6375p0,rec_coeuie5mk0vfn4o7g7a0,rec_cobdfd4jmvif9dabl1ig
rec_cobdg3tbjt595h6375p0,rec_coeuie5mk0vfn4o7g7b0,rec_cobdfd4jmvif9dabl19g
rec_cobdg3tbjt595h6375p0,rec_coeuie0fv7n3a6lu1er0,rec_cobdfd4jmvif9dabl100
rec_cobdg3tbjt595h6375p0,rec_coeuie0fv7n3a6lu1esg,rec_cobdfd4jmvif9dabl140
rec_cobdg3tbjt595h6376j0,rec_coeuie0fv7n3a6lu1f00,rec_cobdfd4jmvif9dabl0hg
rec_cobdg3tbjt595h637700,rec_coeuie0fv7n3a6lu1erg,rec_cobdfd4jmvif9dabl100
rec_cobdg3tbjt595h637700,rec_coeuie0fv7n3a6lu1eug,rec_coetr98fv7n3a6lu1e2g