id,name,summary
rec_cobdesq5ojbselbdqr30,Alien Abductions and Their Common Patterns,"Individuals claim to have been abducted by extraterrestrial beings and report similar experiences, such as medical examinations and communication with aliens."
rec_cobdesq5ojbselbdqr3g,Ancient Aliens Theory and Historical Evidence,"Suggests that ancient civilizations had contact with extraterrestrial beings, who influenced human culture, technology, and religion."
rec_cobdesq5ojbselbdqr4g,Betty and Barney Hill Abduction Case,"One of the first widely publicized claims of alien abduction, occurring in 1961. The couple reported being abducted by extraterrestrials in the White Mountains of New Hampshire."
rec_cobdesq5ojbselbdqr5g,Crop Circles and Their Meanings,"Complex formations, usually found in agricultural fields, that some believe are created by extraterrestrial beings as messages or signs."
rec_cobdesq5ojbselbdqr6g,Exoplanets and the Search for Habitable Worlds,"The study of planets outside our solar system, with a focus on those that may have conditions suitable for life."
rec_cobdesq5ojbselbdqr70,Extraterrestrial Bases on the Moon and Mars,"Theories suggest that extraterrestrials might have established bases on the Moon or Mars, often based on interpretations of anomalous images taken by spacecraft."
rec_cobdesq5ojbselbdqr50,Bob Lazar and His Claims About S-4 (Sector Four),"Bob Lazar is an American physicist famous for his claims in the late 1980s about being hired to reverse-engineer extraterrestrial technology at a secret site called S-4 located near the Area 51 military facility. Lazar asserts that he worked on alien spacecraft and that the propulsion systems of these vehicles were powered by Element 115 (Moscovium), which was not synthesized by humans until 2003. He also claimed to have read government documents detailing alien involvement in human affairs over the past 10,000 years. Despite the lack of evidence to support his claims and inconsistencies in his educational and employment history, Lazar has maintained a cult following."
rec_cobdesq5ojbselbdqr40,Area 51 and its Alleged Extraterrestrial Technology,"Area 51, officially known as Homey Airport or Groom Lake, is a highly classified United States Air Force (USAF) facility within the Nevada Test and Training Range. Established in 1955, primarily for flight testing the Lockheed U-2 aircraft, its intense secrecy has fueled numerous conspiracy theories and made it a central figure in unidentified flying object (UFO) folklore. While the USAF states that it serves as an open training range and supports the development and testing of experimental aircraft and weapons systems, much about Area 51 remains undisclosed. The CIA publicly acknowledged the existence in 2013"
rec_cobdesq5ojbselbdqr7g,Implants Reportedly Found in Abduction Victims,"Some individuals claiming to have been abducted by aliens also report finding mysterious implants in their bodies afterward, believed by some to be tracking or monitoring devices."
rec_cobdesq5ojbselbdqr8g,Nazca Lines and Their Alleged Connection to Aliens,"Large geoglyphs in the Nazca Desert of Peru, some believe these lines were created or used by extraterrestrial beings."
rec_cobdesq5ojbselbdqr90,Quantum Communication: Exploring the Potential for Interstellar Messages,"The theoretical possibility of using quantum mechanics for secure, instant communication across interstellar distances."
rec_cobdesq5ojbselbdqr9g,Rendlesham Forest Incident,"One of the most famous reported UFO events in the United Kingdom, in which USAF personnel reported witnessing unexplained lights and, in some accounts, an actual UFO sighting."
rec_cobdesq5ojbselbdqrb0,SETI (Search for Extraterrestrial Intelligence) and Its Findings,An exploratory science that seeks evidence of life in the universe by looking for some signature of its technology.
rec_cobdesq5ojbselbdqrbg,Skinwalker Ranch and Its Paranormal Activity,A property in Utah reputed to be the site of numerous paranormal and UFO-related phenomena.
rec_cobdesq5ojbselbdqrc0,Teleportation and Wormholes: Theoretical Physics Behind Potential Alien Travel,"Speculations on how advanced alien civilizations might use technologies based on theoretical physics, such as wormholes, for instantaneous travel across vast distances."
rec_cobdesq5ojbselbdqrcg,The AATIP Program,A secret investigatory effort funded by the U.S. government to study UFOs and other unexplained aerial phenomena.
rec_cobdesq5ojbselbdqrdg,The Battle of Los Angeles,"An incident that took place over Los Angeles, California, during which anti-aircraft artillery barrage fired at presumed Japanese aircraft."
rec_cobdesq5ojbselbdqre0,The Belgian UFO Wave (1989-1990),"A series of sightings of triangular UFOs in Belgium, which were tracked by NATO radar and pursued by military jets."
rec_cobdesq5ojbselbdqreg,The Cash-Landrum UFO Encounter,"Two women and a boy claimed to encounter a diamond-shaped UFO emitting heat and radiation in Texas, leading to health problems."
rec_cobdesq5ojbselbdqrf0,The Chelyabinsk Meteor (2013) and UFO Speculations,"A large meteor exploded over Chelyabinsk, Russia, causing widespread damage and injuries. The event sparked speculations about UFOs due to its initial unidentified nature."
rec_cobdesq5ojbselbdqrag,Roswell Incident,"The Roswell incident involves a series of events and myths associated with the crash of a United States Army Air Forces balloon near Roswell, New Mexico, in 1947. Initially, the US Army announced the recovery of a flying disc, which generated international headlines. However, this announcement was quickly retracted, with the Army stating it was only a conventional weather balloon. The incident was part of the top secret Project Mogul, aimed at detecting Soviet nuclear tests. Over the years, speculation suggested that the debris was of extraterrestrial origin, leading to enduring UFO conspiracy theories."
rec_cobdesq5ojbselbdqrd0,"The Aurora, Texas, UFO Incident",A famous historical report of a UFO crash and the burial of its occupant in a small Texas town.
rec_cobdesq5ojbselbdqrfg,The Disclosure Project and its Witnesses,"An initiative that gathers and provides testimonies from hundreds of government, military, and intelligence community witnesses on unexplained aerial phenomena and supposed extraterrestrial vehicles."
rec_cobdesq5ojbselbdqrg0,The Drake Equation and the Probability of Extraterrestrial Life,"An equation formulated by Frank Drake to estimate the number of active, communicative extraterrestrial civilizations in the Milky Way galaxy."
rec_cobdesq5ojbselbdqrgg,The Dyatlov Pass Incident and Its UFO Theories,"The mysterious deaths of nine hikers in the Ural Mountains have been attributed to various causes, including UFOs."
rec_cobdesq5ojbselbdqrh0,The Fermi Paradox and Its Implications for Alien Life,The apparent contradiction between the lack of evidence for extraterrestrial life and various high estimates for their existence.
rec_cobdesq5ojbselbdqrhg,The Hessdalen Lights Phenomena,"Unexplained light phenomena observed in the Hessdalen valley, Norway, attracting scientific and ufological research."
rec_cobdesq5ojbselbdqri0,The Kecksburg UFO Incident (1965),"A large, bright fireball was witnessed by thousands in at least six U.S. states and Canada. After its fall in Kecksburg, Pennsylvania, locals reported finding an acorn-shaped object."
rec_cobdesq5ojbselbdqrig,The Men in Black and Their Role in Silencing Witnesses,Mysterious individuals dressed in black suits who are said to intimidate or threaten UFO witnesses to keep them from talking about what they've seen.
rec_cobdesq5ojbselbdqrj0,The Mothman Sightings and Their Connection to UFOs,"Sightings of a mysterious creature known as the Mothman in West Virginia in the 1960s, often associated with UFO activity."
rec_cobdesq5ojbselbdqrjg,The Mutual UFO Network (MUFON) and Its Investigations,"One of the oldest and largest civilian UFO investigative organizations in the world, MUFON examines UFO sightings, encounters, and abduction reports."
rec_cobdesq5ojbselbdqrk0,The Nimitz Encounter and the Tic Tac UFO,"Navy pilots from the USS Nimitz Carrier Strike Group encountered an unidentified flying object off the coast of San Diego, described as resembling a Tic Tac."
rec_cobdesq5ojbselbdqrkg,The Pascagoula Abduction,"Two men in Pascagoula, Mississippi, claimed to have been abducted by robotic-like aliens, one of the most detailed abduction cases."
rec_cobdesq5ojbselbdqrl0,The Pentagon UFO Videos and Their Public Release,"In 2020, the Pentagon officially released three Navy videos showing unidentified aerial phenomena, previously made public by the New York Times and To The Stars Academy of Arts & Science."
rec_cobdesq5ojbselbdqrlg,The Phoenix Lights,"A series of UFOs observed in the skies over Arizona and Nevada. The event comprised two distinct sightings: a formation of lights flying in formation, and stationary lights over the Phoenix area."
rec_cobdesq5ojbselbdqrm0,The Possibility of a Secret Space Program,"Speculations about a covert, advanced space program operated by governments or military agencies that is far beyond public space exploration efforts."
rec_cobdesq5ojbselbdqrmg,The Shag Harbour UFO Incident,"A reported UFO crash into the waters near Shag Harbour, Nova Scotia, followed by a government investigation."
rec_cobdesq5ojbselbdqrn0,The Travis Walton Abduction (Fire in the Sky),"Travis Walton claims to have been abducted by a UFO in 1975 while working with a logging crew in the Apache-Sitgreaves National Forests in Arizona. The case became famous through the book and film ""Fire in the Sky""."
rec_cobdesq5ojbselbdqrng,The Varginha UFO Incident,"Witnesses in Varginha, Brazil, reported seeing a strange creature and a UFO, leading to speculation about an extraterrestrial visitation."
rec_cobdet25ojbselbdqro0,The WOW! Signal and Its Potential Extraterrestrial Origin,"A strong narrowband radio signal received by Ohio State University's Big Ear radio telescope in 1977 that has not been explained or replicated, leading some to speculate about its extraterrestrial origin."
rec_cobdet25ojbselbdqrog,The Zimbabwe School Encounter,"Over 60 schoolchildren in Ruwa, Zimbabwe, reported seeing a landed UFO and strange beings, making it one of the most notable mass UFO sightings."
rec_cobdet25ojbselbdqrp0,UFO Sightings by Astronauts and Pilots,"Numerous astronauts and pilots have reported seeing unexplained aerial phenomena, often described as UFOs, during flights or space missions."
rec_cobdet25ojbselbdqrpg,UFOs and Nuclear Missile Sites: Shutdowns and Interferences,Reports from military personnel of UFOs disabling or interfering with nuclear missiles at various sites.
rec_cobdet25ojbselbdqrqg,United States Collusion with ETs,
rec_cobdet25ojbselbdqrrg,Government UFO Disclosure,
rec_cobdet25ojbselbdqrs0,Pentagon UFO Programs,
rec_cobdet25ojbselbdqrsg,Apollo 14 Mission,
rec_cobdet25ojbselbdqrt0,Skinwalker Ranch,
rec_cobdet25ojbselbdqru0,UFO Sightings in Space,
rec_cobdet25ojbselbdqrug,Skinwalker Ranch Investigations,
rec_cobdet25ojbselbdqrv0,Moon Landing,
rec_cobdet25ojbselbdqrvg,Pentagon UFO Videos,
rec_cobdet25ojbselbdqrr0,S4 Facility,
rec_cobdet25ojbselbdqrq0,Underwater UFOs and USOs,"Observations of unidentified submerged objects, suggesting the presence of underwater alien bases or vehicles capable of operating underwater and in the air."
rec_cobdet25ojbselbdqrtg,"Mercury Atlas 9 Mission ",
rec_cobdet25ojbselbdqs00,"Mercury Atlas 7 Mission ",
rec_cobdet25ojbselbdqs0g,Government Cover ups,
rec_cobdesq5ojbselbdqr2g,Advanced Propulsion Technologies,"Claims suggest major aviation firms and the military explored gravity control propulsion research, although details and confirmations are sparse. General Relativity and Quantum Physics: Efforts to reconcile these fields and explore the possibilities of negative mass and negative gravitational fields, suggesting theoretical pathways toward anti-gravity effects."
rec_cobdesq5ojbselbdqr80,Lockheed Martin Skunk Works and Its Secretive Projects,"Skunk Works, officially known as Lockheed Martin's Advanced Development Programs (ADP), has been at the forefront of aerospace innovation, developing some of the most advanced and secretive aircraft in history. This specialized division is renowned for its highly classified research and development programs, as well as its role in creating exotic aircraft platforms. With locations including United States Air Force Plant 42 in Palmdale, California, and Plant 4 in Fort Worth, Texas, much of Skunk Works' classified testing is believed to occur in secluded sites like the Nevada Test Site."
rec_cobdesq5ojbselbdqr60,Element 115 and Its Alien Origin,"Moscovium, formerly known as ununpentium with the symbol Mc and atomic number 115, is a synthetic element that was first synthesized in 2003 by a joint team of Russian and American scientists at the Joint Institute for Nuclear Research (JINR) in Dubna, Russia. In December 2015 it was recognized as one of four new elements by the International Union of Pure and Applied Chemistry (IUPAC) and the International Union of Pure and Applied Physics (IUPAP), and was officially named moscovium in November 2016 after the Moscow Oblast, where JINR is located. Moscovium is extremely radioactive. its most stable known isotope, moscovium-290, has a half-life of only 0.65 seconds. The element gained a significant amount of attention in the realm of UFO conspiracy theories and science fiction due to claims by Bob Lazar, who in the late 1980s claimed to have worked at a secret site called S-4 (near Area 51). Lazar alleged that he worked on reverse-engineering extraterrestrial technology and that moscovium was used as fuel for the propulsion of alien spacecraft, due to its purported ability to produce anti-gravity effects when bombarded with protons. However, these claims are not supported by any scientific evidence and are considered to be part of UFO mythology and lore."
rec_cobdesq5ojbselbdqra0,Reverse Engineering Alien Technology,"Reverse engineering involves deducing the design and functionality of a device, system, or software without prior knowledge of its processes. This method, widely used in software engineering, mechanical engineering, and electronic engineering, serves various purposes, including understanding how a product works, repurposing obsolete technology, conducting security analysis, and learning from or competing with other designs. While the primary focus here is on technological aspects, the concept intriguingly applies to the notion of reverse engineering alien technology, an idea often explored in science fiction and speculative discussions. This involves studying extraterrestrial artifacts or systems to understand their advanced technology, potentially leading to significant breakthroughs in human technology."