id,subject-matter-expert,topic
rec_cobh2b4jmvif9dac1i3g,rec_cobdfd4jmvif9dabl0i0,rec_cobdesq5ojbselbdqr2g
rec_cobh2i5bjt595h63l27g,rec_cobdfd4jmvif9dabl140,rec_cobdesq5ojbselbdqr50
rec_cobh2msjmvif9dac1i40,rec_cobdfd4jmvif9dabl140,rec_cobdesq5ojbselbdqr40
rec_cobh2t5bjt595h63l280,rec_cobdfd4jmvif9dabl0i0,rec_cobdesq5ojbselbdqr60
rec_cobh33cjmvif9dac1i50,rec_cobdfd4jmvif9dabl100,rec_cobdesq5ojbselbdqrbg
rec_cobh36kjmvif9dac1i5g,rec_cobdfd4jmvif9dabl100,rec_cobdesq5ojbselbdqr40
rec_cocbqhrtoib24jp051qg,rec_cobdfd4jmvif9dabl0mg,rec_cobdesq5ojbselbdqrag
rec_cocbrfutp0ni9u4cn00g,rec_cobdfd4jmvif9dabl0ig,rec_cobdesq5ojbselbdqrag
rec_cocrhr523jsre5gha820,rec_cobdfd4jmvif9dabl170,rec_cobdesq5ojbselbdqrig
rec_cocrhr523jsre5gha82g,rec_cobdfd4jmvif9dabl170,rec_cobdesq5ojbselbdqrj0
rec_cocrhr523jsre5gha830,rec_cobdfd4jmvif9dabl1i0,rec_cobdet25ojbselbdqru0
rec_cocrhr523jsre5gha83g,rec_cobdfd4jmvif9dabl0r0,rec_cobdesq5ojbselbdqr7g
rec_cocrhr523jsre5gha840,rec_cobdfd4jmvif9dabl0tg,rec_cobdesq5ojbselbdqr8g
rec_cocrhr523jsre5gha84g,rec_cobdfd4jmvif9dabl0h0,rec_cobdesq5ojbselbdqr90
rec_cocrhr523jsre5gha850,rec_cobdfd4jmvif9dabl1k0,rec_cobdesq5ojbselbdqrcg
rec_cocrhr523jsre5gha85g,rec_cobdfd4jmvif9dabl1m0,rec_cobdesq5ojbselbdqri0
rec_cocrhr523jsre5gha860,rec_cobdfd4jmvif9dabl100,rec_cobdesq5ojbselbdqr2g
rec_cocrhr523jsre5gha86g,rec_cobdfd4jmvif9dabl100,rec_cobdesq5ojbselbdqra0
rec_cocrhr523jsre5gha870,rec_cobdfd4jmvif9dabl100,rec_cobdesq5ojbselbdqrbg
rec_cocrhr523jsre5gha87g,rec_cobdfd4jmvif9dabl0ng,rec_cobdesq5ojbselbdqr5g
rec_cocrhr523jsre5gha880,rec_cobdfd4jmvif9dabl0j0,rec_cobdesq5ojbselbdqr30
rec_cocrhr523jsre5gha88g,rec_cobdfd4jmvif9dabl0l0,rec_cobdesq5ojbselbdqrkg
rec_cocrhr523jsre5gha890,rec_cobdfd4jmvif9dabl1e0,rec_cobdesq5ojbselbdqrig
rec_cocrhr523jsre5gha89g,rec_cobdfd4jmvif9dabl0k0,rec_cobdet25ojbselbdqrq0
rec_cocrhr523jsre5gha8a0,rec_cobdfd4jmvif9dabl110,rec_cobdet25ojbselbdqrpg
rec_cocrhr523jsre5gha8ag,rec_cobdfd4jmvif9dabl0m0,rec_cobdesq5ojbselbdqrl0
rec_cocrhr523jsre5gha8b0,rec_cobdfd4jmvif9dabl140,rec_cobdesq5ojbselbdqr2g
rec_cocrhr523jsre5gha8bg,rec_cobdfd4jmvif9dabl140,rec_cobdesq5ojbselbdqr50
rec_cocrhr523jsre5gha8c0,rec_cobdfd4jmvif9dabl140,rec_cobdesq5ojbselbdqrl0
rec_cocrhr523jsre5gha8cg,rec_cobdfd4jmvif9dabl140,rec_cobdesq5ojbselbdqr60
rec_cocrhr523jsre5gha8d0,rec_cobdfd4jmvif9dabl140,rec_cobdesq5ojbselbdqr80
rec_cocrhr523jsre5gha8dg,rec_cobdfd4jmvif9dabl140,rec_cobdesq5ojbselbdqra0
rec_cocrhr523jsre5gha8e0,rec_cobdfd4jmvif9dabl140,rec_cobdesq5ojbselbdqrk0
rec_cocrhr523jsre5gha8eg,rec_cobdfd4jmvif9dabl140,rec_cobdesq5ojbselbdqrbg
rec_cocrhr523jsre5gha8f0,rec_cobdfd4jmvif9dabl140,rec_cobdet25ojbselbdqrq0
rec_cocrhr523jsre5gha8fg,rec_cobdfd4jmvif9dabl130,rec_cobdesq5ojbselbdqrkg
rec_cocrhr523jsre5gha8g0,rec_cobdfd4jmvif9dabl190,rec_cobdesq5ojbselbdqr5g
rec_cocrhr523jsre5gha8gg,rec_cobdfd4jmvif9dabl18g,rec_cobdesq5ojbselbdqr9g
rec_cocrhr523jsre5gha8h0,rec_cobdfd4jmvif9dabl1og,rec_cobdesq5ojbselbdqrn0
rec_cocrhr523jsre5gha8hg,rec_cobdfd4jmvif9dabl1gg,rec_cobdesq5ojbselbdqr40
rec_cocrhr523jsre5gha8ig,rec_cobdfd4jmvif9dabl17g,rec_cobdet25ojbselbdqrqg
rec_cocrhr523jsre5gha8j0,rec_cobdfd4jmvif9dabl0og,rec_cobdesq5ojbselbdqrbg
rec_cocrhr523jsre5gha8jg,rec_cobdfd4jmvif9dabl0pg,rec_cobdesq5ojbselbdqrk0
rec_cocrhr523jsre5gha8k0,rec_cobdfd4jmvif9dabl0pg,rec_cobdet25ojbselbdqrpg
rec_cocrhr523jsre5gha8kg,rec_cobdfd4jmvif9dabl0pg,rec_cobdesq5ojbselbdqrcg
rec_cocrhr523jsre5gha8l0,rec_cobdfd4jmvif9dabl1bg,rec_cobdesq5ojbselbdqrfg
rec_cocrhr523jsre5gha8lg,rec_cobdfd4jmvif9dabl1ag,rec_cobdesq5ojbselbdqr8g
rec_cocrhr523jsre5gha8m0,rec_cobdfd4jmvif9dabl1b0,rec_cobdesq5ojbselbdqrhg
rec_cocrhr523jsre5gha8mg,rec_cobdfd4jmvif9dabl1eg,rec_cobdesq5ojbselbdqr5g
rec_cocrhr523jsre5gha8n0,rec_cobdfd4jmvif9dabl0i0,rec_cobdesq5ojbselbdqr50
rec_cocrhr523jsre5gha8ng,rec_cobdfd4jmvif9dabl0i0,rec_cobdesq5ojbselbdqr2g
rec_cocrhr523jsre5gha8o0,rec_cobdfd4jmvif9dabl0i0,rec_cobdesq5ojbselbdqra0
rec_cocrhr523jsre5gha8og,rec_cobdfd4jmvif9dabl0n0,rec_cobdesq5ojbselbdqrag
rec_cocrhr523jsre5gha8p0,rec_cobdfd4jmvif9dabl0qg,rec_cobdesq5ojbselbdqr30
rec_cocrhr523jsre5gha8pg,rec_cobdfd4jmvif9dabl0ug,rec_cobdesq5ojbselbdqrb0
rec_cocrhr523jsre5gha8q0,rec_cobdfd4jmvif9dabl15g,rec_cobdesq5ojbselbdqr30
rec_cocrhr523jsre5gha8qg,rec_cobdfd4jmvif9dabl15g,rec_cobdet25ojbselbdqrog
rec_cocrhr523jsre5gha8r0,rec_cobdfd4jmvif9dabl15g,rec_cobdesq5ojbselbdqrng
rec_cocbntrtoib24jp051pg,rec_cobdfd4jmvif9dabl140,rec_cobdesq5ojbselbdqrag
rec_cocboav7gom81e15fgcg,rec_cobdfd4jmvif9dabl100,rec_cobdesq5ojbselbdqrag
rec_cocrhr523jsre5gha8rg,rec_cobdfd4jmvif9dabl0vg,rec_cobdesq5ojbselbdqrm0
rec_cocrhr523jsre5gha8s0,rec_cobdfd4jmvif9dabl0kg,rec_cobdesq5ojbselbdqrb0
rec_cocrhr523jsre5gha8sg,rec_cobdfd4jmvif9dabl1d0,rec_cobdet25ojbselbdqrv0
rec_cocrhr523jsre5gha8t0,rec_cobdfd4jmvif9dabl0g0,rec_cobdesq5ojbselbdqrig
rec_cocrhr523jsre5gha8tg,rec_cobdfd4jmvif9dabl1o0,rec_cobdesq5ojbselbdqrl0
rec_cocrhr523jsre5gha8u0,rec_cobdfd4jmvif9dabl0jg,rec_cobdesq5ojbselbdqrkg
rec_cocrhr523jsre5gha8ug,rec_cobdfd4jmvif9dabl0rg,rec_cobdesq5ojbselbdqrmg
rec_cocrhr523jsre5gha8v0,rec_cobdfd4jmvif9dabl150,rec_cobdesq5ojbselbdqrk0
rec_cocrhr523jsre5gha900,rec_cobdfd4jmvif9dabl1fg,rec_cobdesq5ojbselbdqr8g
rec_cocrhr523jsre5gha90g,rec_cobdfd4jmvif9dabl0t0,rec_cobdesq5ojbselbdqrfg
rec_cocrhr523jsre5gha910,rec_cobdfd4jmvif9dabl0t0,rec_cobdet25ojbselbdqrpg
rec_cocrhr523jsre5gha920,rec_cobdfd4jmvif9dabl0lg,rec_cobdesq5ojbselbdqrmg
rec_cocrhr523jsre5gha92g,rec_cobdfd4jmvif9dabl0sg,rec_cobdesq5ojbselbdqrfg
rec_cocrhr523jsre5gha930,rec_cobdfd4jmvif9dabl1mg,rec_cobdesq5ojbselbdqr4g
rec_cocrhr523jsre5gha93g,rec_cobdfd4jmvif9dabl1mg,rec_cobdesq5ojbselbdqrjg
rec_cocrhr523jsre5gha940,rec_cobdfd4jmvif9dabl180,rec_cobdesq5ojbselbdqr40
rec_cocrhr523jsre5gha94g,rec_cobdfd4jmvif9dabl1ig,rec_cobdet25ojbselbdqrvg
rec_cocrhr523jsre5gha950,rec_cobdfd4jmvif9dabl1hg,rec_cobdet25ojbselbdqru0
rec_cocrhr523jsre5gha95g,rec_cobdfd4jmvif9dabl1g0,rec_cobdesq5ojbselbdqrn0
rec_cocrhr523jsre5gha960,rec_cobdfd4jmvif9dabl0hg,rec_cobdesq5ojbselbdqr4g
rec_cocrhr523jsre5gha96g,rec_cobdfd4jmvif9dabl0u0,rec_cobdesq5ojbselbdqrhg
rec_cocrhr523jsre5gha970,rec_cobdfd4jmvif9dabl0p0,rec_cobdesq5ojbselbdqrm0
rec_cocrhr523jsre5gha97g,rec_cobdfd4jmvif9dabl19g,rec_cobdesq5ojbselbdqrcg
rec_cocrhr523jsre5gha980,rec_cobdfd4jmvif9dabl19g,rec_cobdesq5ojbselbdqrl0
rec_cocrhr523jsre5gha98g,rec_cobdfd4jmvif9dabl1a0,rec_cobdet25ojbselbdqrq0
rec_cocrhr523jsre5gha990,rec_cobdfd4jmvif9dabl0s0,rec_cobdesq5ojbselbdqr7g
rec_cocrhr523jsre5gha99g,rec_cobdfd4jmvif9dabl0v0,rec_cobdesq5ojbselbdqrdg
rec_cocrhr523jsre5gha9a0,rec_cobdfd4jmvif9dabl1kg,rec_cobdesq5ojbselbdqr90
rec_cocrhr523jsre5gha9ag,rec_cobdfd4jmvif9dabl1h0,rec_cobdesq5ojbselbdqrbg
rec_cocrhr523jsre5gha8vg,rec_coetr98fv7n3a6lu1e30,rec_cobdesq5ojbselbdqrag
rec_cocrhr523jsre5gha91g,rec_cobdfd4jmvif9dabl1dg,rec_cobdesq5ojbselbdqrag