xata_id,new_id
rec_cobdfd4jmvif9dabl0g0,1
rec_cobdfd4jmvif9dabl0gg,2
rec_cobdfd4jmvif9dabl0h0,3
rec_cobdfd4jmvif9dabl0hg,4
rec_cobdfd4jmvif9dabl0i0,5
rec_cobdfd4jmvif9dabl0ig,6
rec_cobdfd4jmvif9dabl0j0,7
rec_cobdfd4jmvif9dabl0jg,8
rec_cobdfd4jmvif9dabl0k0,9
rec_cobdfd4jmvif9dabl0kg,10
rec_cobdfd4jmvif9dabl0l0,11
rec_cobdfd4jmvif9dabl0lg,12
rec_cobdfd4jmvif9dabl0m0,13
rec_cobdfd4jmvif9dabl0mg,14
rec_cobdfd4jmvif9dabl0n0,15
rec_cobdfd4jmvif9dabl0ng,16
rec_cobdfd4jmvif9dabl0o0,17
rec_cobdfd4jmvif9dabl0og,18
rec_cobdfd4jmvif9dabl0p0,19
rec_cobdfd4jmvif9dabl0pg,20
rec_cobdfd4jmvif9dabl0q0,21
rec_cobdfd4jmvif9dabl0qg,22
rec_cobdfd4jmvif9dabl0r0,23
rec_cobdfd4jmvif9dabl0rg,24
rec_cobdfd4jmvif9dabl0s0,25
rec_cobdfd4jmvif9dabl0sg,26
rec_cobdfd4jmvif9dabl0t0,27
rec_cobdfd4jmvif9dabl0tg,28
rec_cobdfd4jmvif9dabl0u0,29
rec_cobdfd4jmvif9dabl0ug,30
rec_cobdfd4jmvif9dabl0v0,31
rec_cobdfd4jmvif9dabl0vg,32
rec_cobdfd4jmvif9dabl1gg,62
rec_cobdfd4jmvif9dabl100,33
rec_cobdfd4jmvif9dabl10g,34
rec_cobdfd4jmvif9dabl110,35
rec_cobdfd4jmvif9dabl120,36
rec_cobdfd4jmvif9dabl130,37
rec_cobdfd4jmvif9dabl140,38
rec_cobdfd4jmvif9dabl150,39
rec_cobdfd4jmvif9dabl15g,40
rec_cobdfd4jmvif9dabl160,41
rec_cobdfd4jmvif9dabl16g,42
rec_cobdfd4jmvif9dabl170,43
rec_cobdfd4jmvif9dabl17g,44
rec_cobdfd4jmvif9dabl180,45
rec_cobdfd4jmvif9dabl18g,46
rec_cobdfd4jmvif9dabl190,47
rec_cobdfd4jmvif9dabl19g,48
rec_cobdfd4jmvif9dabl1a0,49
rec_cobdfd4jmvif9dabl1ag,50
rec_cobdfd4jmvif9dabl1b0,51
rec_cobdfd4jmvif9dabl1bg,52
rec_cobdfd4jmvif9dabl1c0,53
rec_cobdfd4jmvif9dabl1cg,54
rec_cobdfd4jmvif9dabl1d0,55
rec_cobdfd4jmvif9dabl1dg,56
rec_cobdfd4jmvif9dabl1e0,57
rec_cobdfd4jmvif9dabl1eg,58
rec_cobdfd4jmvif9dabl1f0,59
rec_cobdfd4jmvif9dabl1fg,60
rec_cobdfd4jmvif9dabl1g0,61
rec_cobdfd4jmvif9dabl1h0,63
rec_cobdfd4jmvif9dabl1hg,64
rec_cobdfd4jmvif9dabl1i0,65
rec_cobdfd4jmvif9dabl1ig,66
rec_cobdfd4jmvif9dabl1j0,67
rec_cobdfd4jmvif9dabl1jg,68
rec_cobdfd4jmvif9dabl1k0,69
rec_cobdfd4jmvif9dabl1kg,70
rec_cobdfd4jmvif9dabl1l0,71
rec_cobdfd4jmvif9dabl1lg,72
rec_cobdfd4jmvif9dabl1m0,73
rec_cobdfd4jmvif9dabl1mg,74
rec_cobdfd4jmvif9dabl1ng,75
rec_cobdfd4jmvif9dabl1o0,76
rec_cobdfd4jmvif9dabl1og,77
rec_cobdfd4jmvif9dabl1pg,78
rec_cobdfd4jmvif9dabl1q0,79
rec_coesrt5mk0vfn4o7g71g,80
rec_coetr98fv7n3a6lu1e2g,81
rec_coetr98fv7n3a6lu1e30,82
rec_cokeb51f9e2usdds1l00,83
rec_cokjn8kuttukesrsanu0,84
rec_cor02rooepqha1jsmgn0,85
rec_cor08hsqc39mil7t3pk0,86
rec_cp2eo5avodm5j2h6bjs0,87
rec_cq5b7is3egbkt99udttg,88
rec_cq5b89j29bhdoikd5bp0,89
rec_cq5bgas3egbkt99udtvg,90
rec_cq9kkr4aqhjk0lmoiim0,91
rec_cqbv0orefvv9nms30qig,92
rec_cqf1tu7206kua2corjug,93
rec_cqff5k20hn8didc5u610,94
rec_cqkqmkvc12dbm3mecl60,95
rec_cqmh0fl5cg2i2qglvm40,96
rec_cqmjn155cg2i2qglvos0,97
rec_cqmo2kl5cg2i2qgm09d0,98
rec_cqop98pr6b4utrbc44mg,99
rec_cqvbef0lcojovqh6jam0,100
rec_cqvbg98lcojovqh6jan0,101
rec_cra5n5e2au65ds841uj0,102
rec_crfno0h7led4pu5tnmlg,103
rec_crgvh2fdf3c9evot7eog,104
rec_cobdg3tbjt595h6375kg,1
rec_cobdg3tbjt595h6375l0,2
rec_cobdg3tbjt595h6375lg,3
rec_cobdg3tbjt595h6375m0,4
rec_cobdg3tbjt595h6375mg,5
rec_cobdg3tbjt595h6375n0,6
rec_cobdg3tbjt595h6375ng,7
rec_cobdg3tbjt595h6375o0,8
rec_cobdg3tbjt595h6375og,9
rec_cobdg3tbjt595h6375p0,10
rec_cobdg3tbjt595h6375pg,11
rec_cobdg3tbjt595h6375q0,12
rec_cobdg3tbjt595h6375qg,13
rec_cobdg3tbjt595h6375r0,14
rec_cobdg3tbjt595h6375s0,15
rec_cobdg3tbjt595h6375sg,16
rec_cobdg3tbjt595h6375t0,17
rec_cobdg3tbjt595h6375tg,18
rec_cobdg3tbjt595h6375u0,19
rec_cobdg3tbjt595h6375ug,20
rec_cobdg3tbjt595h6375v0,21
rec_cobdg3tbjt595h6375vg,22
rec_cobdg3tbjt595h637600,23
rec_cobdg3tbjt595h63760g,24
rec_cobdg3tbjt595h637610,25
rec_cobdg3tbjt595h63761g,26
rec_cobdg3tbjt595h63762g,27
rec_cobdg3tbjt595h637630,28
rec_cobdg3tbjt595h63763g,29
rec_cobdg3tbjt595h637640,30
rec_cobdg3tbjt595h637650,31
rec_cobdg3tbjt595h63765g,32
rec_cobdg3tbjt595h637660,33
rec_cobdg3tbjt595h63766g,34
rec_cobdg3tbjt595h637670,35
rec_cobdg3tbjt595h6376pg,68
rec_cobdg3tbjt595h63767g,36
rec_cobdg3tbjt595h63768g,37
rec_cobdg3tbjt595h637690,38
rec_cobdg3tbjt595h63769g,39
rec_cobdg3tbjt595h6376a0,40
rec_cobdg3tbjt595h6376ag,41
rec_cobdg3tbjt595h6376b0,42
rec_cobdg3tbjt595h6376bg,43
rec_cobdg3tbjt595h6376c0,44
rec_cobdg3tbjt595h6376cg,45
rec_cobdg3tbjt595h6376d0,46
rec_cobdg3tbjt595h6376e0,47
rec_cobdg3tbjt595h6376f0,48
rec_cobdg3tbjt595h6376fg,49
rec_cobdg3tbjt595h6376g0,50
rec_cobdg3tbjt595h6376gg,51
rec_cobdg3tbjt595h6376h0,52
rec_cobdg3tbjt595h6376hg,53
rec_cobdg3tbjt595h6376i0,54
rec_cobdg3tbjt595h6376ig,55
rec_cobdg3tbjt595h6376j0,56
rec_cobdg3tbjt595h6376jg,57
rec_cobdg3tbjt595h6376k0,58
rec_cobdg3tbjt595h6376kg,59
rec_cobdg3tbjt595h6376l0,60
rec_cobdg3tbjt595h6376lg,61
rec_cobdg3tbjt595h6376m0,62
rec_cobdg3tbjt595h6376mg,63
rec_cobdg3tbjt595h6376n0,64
rec_cobdg3tbjt595h6376ng,65
rec_cobdg3tbjt595h6376o0,66
rec_cobdg3tbjt595h6376p0,67
rec_cobdg3tbjt595h6376q0,69
rec_cobdg3tbjt595h6376qg,70
rec_cobdg3tbjt595h6376r0,71
rec_cobdg3tbjt595h6376rg,72
rec_cobdg3tbjt595h6376s0,73
rec_cobdg3tbjt595h6376sg,74
rec_cobdg3tbjt595h6376t0,75
rec_cobdg3tbjt595h6376tg,76
rec_cobdg3tbjt595h6376u0,77
rec_cobdg3tbjt595h6376ug,78
rec_cobdg3tbjt595h6376v0,79
rec_cobdg3tbjt595h6376vg,80
rec_cobdg3tbjt595h637700,81
rec_cobdg3tbjt595h63770g,82
rec_cobdg3tbjt595h637710,83
rec_cobdg3tbjt595h63771g,84
rec_cobdg3tbjt595h63772g,85
rec_cobdg3tbjt595h637730,86
rec_cobdg3tbjt595h63773g,87
rec_cobdg3tbjt595h637740,88
rec_cobdg3tbjt595h63774g,89
rec_cobdg3tbjt595h637750,90
rec_cobdg3tbjt595h63775g,91
rec_cobdg3tbjt595h637760,92
rec_cobdg3tbjt595h63776g,93
rec_cobdg3tbjt595h637770,94
rec_cobdg3tbjt595h63777g,95
rec_cobdg3tbjt595h637780,96
rec_cobdg3tbjt595h63778g,97
rec_cobdg3tbjt595h637790,98
rec_cobdg3tbjt595h63779g,99
rec_cobdg3tbjt595h6377a0,100
rec_cobdg3tbjt595h6377ag,101
rec_cobdg3tbjt595h6377b0,102
rec_cobdg3tbjt595h6377bg,103
rec_cobdg3tbjt595h6377c0,104
rec_cobdg3tbjt595h6377cg,105
rec_cobdg3tbjt595h6377d0,106
rec_cobdg3tbjt595h6377dg,107
rec_cokjlu2o50dbfnaci6r0,108
rec_cokjohn758af7femso8g,109
rec_com4tkrj94t17efdaqc0,110
rec_cor7qfsqc39mil7t3ra0,111
rec_cosk9hntn835h2atom20,112
rec_cp1vddb4f9p514bqa5g0,113
rec_cp1vddb4f9p514bqa5gg,114
rec_cp1vddb4f9p514bqa5h0,115
rec_cp1vddb4f9p514bqa5i0,116
rec_cp1vddb4f9p514bqa5ig,117
rec_cp1vddb4f9p514bqa5j0,118
rec_cp1vddb4f9p514bqa5k0,119
rec_cp1vddb4f9p514bqa5kg,120
rec_cp1vddb4f9p514bqa5l0,121
rec_cp1vddf6gfslia6urd1g,128
rec_cp1vddb4f9p514bqa5lg,122
rec_cp1vddb4f9p514bqa5m0,123
rec_cp1vddb4f9p514bqa5mg,124
rec_cp1vddf6gfslia6urcvg,125
rec_cp1vddf6gfslia6urd00,126
rec_cp1vddf6gfslia6urd10,127
rec_cp1vddf6gfslia6urd30,129
rec_cp1vddf6gfslia6urd3g,130
rec_cp1vddf6gfslia6urd40,131
rec_cp1vddf6gfslia6urd50,132
rec_cp1vddj4f9p514bqa5n0,133
rec_cp1vddj4f9p514bqa5ng,134
rec_cp1vddn6gfslia6urd5g,135
rec_cq5bc0b29bhdoikd5bq0,136
rec_cqbv6ijefvv9nms30qs0,137
rec_cqmfsvbe3sl710hq3bqg,138
rec_cqqal46i2o4pnhq18t6g,139
rec_crfn3rjsejr8r2ra965g,140
rec_cobdhj5bjt595h6377e0,1
rec_cobdhj5bjt595h6377eg,2
rec_cobdhj5bjt595h6377f0,3
rec_cobdhj5bjt595h6377fg,4
rec_cobdhj5bjt595h6377g0,5
rec_cobdhj5bjt595h6377gg,6
rec_cobdhj5bjt595h6377h0,7
rec_cobdhj5bjt595h6377hg,8
rec_cobdhj5bjt595h6377i0,9
rec_cobdhj5bjt595h6377ig,10
rec_cobdhj5bjt595h6377j0,11
rec_cobdhj5bjt595h6377jg,12
rec_cobdhj5bjt595h6377k0,13
rec_cobdhj5bjt595h6377kg,14
rec_cobdhj5bjt595h6377l0,15
rec_cobdhj5bjt595h6377lg,16
rec_cobdhj5bjt595h6377m0,17
rec_cobdhj5bjt595h6377mg,18
rec_cobdhj5bjt595h6377n0,19
rec_cobdhj5bjt595h6377ng,20
rec_cobdhj5bjt595h6377o0,21
rec_cobdhj5bjt595h6377og,22
rec_cobdhj5bjt595h6377p0,23
rec_cobdhj5bjt595h6377pg,24
rec_cobdhj5bjt595h6377q0,25
rec_cobdhj5bjt595h6377qg,26
rec_cobdhj5bjt595h6377r0,27
rec_cobdhj5bjt595h6377rg,28
rec_cobdhj5bjt595h6377s0,29
rec_cobdhj5bjt595h6377sg,30
rec_cobdhj5bjt595h6377t0,31
rec_cobdhj5bjt595h6377tg,32
rec_cobdhj5bjt595h6377u0,33
rec_cq5aum329bhdoikd5bjg,34
rec_cq5b9ik3egbkt99udtug,35
rec_cqf251e36t01tjk3eeo0,36
rec_cqopeb94e2oatj0cco2g,37
rec_cqvbi40lcojovqh6jao0,38
rec_cqvbjkch53f5ro7dfqr0,39
rec_crdpu4t92c2mieknkffg,40
rec_cobdesq5ojbselbdqr2g,1
rec_cobdesq5ojbselbdqr30,2
rec_cobdesq5ojbselbdqr3g,3
rec_cobdesq5ojbselbdqr40,4
rec_cobdesq5ojbselbdqr4g,5
rec_cobdesq5ojbselbdqr50,6
rec_cobdesq5ojbselbdqr5g,7
rec_cobdesq5ojbselbdqr60,8
rec_cobdesq5ojbselbdqr6g,9
rec_cobdesq5ojbselbdqr70,10
rec_cobdesq5ojbselbdqr7g,11
rec_cobdesq5ojbselbdqr80,12
rec_cobdesq5ojbselbdqr8g,13
rec_cobdesq5ojbselbdqr90,14
rec_cobdesq5ojbselbdqr9g,15
rec_cobdesq5ojbselbdqra0,16
rec_cobdesq5ojbselbdqrlg,39
rec_cobdesq5ojbselbdqrag,17
rec_cobdesq5ojbselbdqrb0,18
rec_cobdesq5ojbselbdqrbg,19
rec_cobdesq5ojbselbdqrc0,20
rec_cobdesq5ojbselbdqrcg,21
rec_cobdesq5ojbselbdqrd0,22
rec_cobdesq5ojbselbdqrdg,23
rec_cobdesq5ojbselbdqre0,24
rec_cobdesq5ojbselbdqreg,25
rec_cobdesq5ojbselbdqrf0,26
rec_cobdesq5ojbselbdqrfg,27
rec_cobdesq5ojbselbdqrg0,28
rec_cobdesq5ojbselbdqrgg,29
rec_cobdesq5ojbselbdqrh0,30
rec_cobdesq5ojbselbdqrhg,31
rec_cobdesq5ojbselbdqri0,32
rec_cobdesq5ojbselbdqrig,33
rec_cobdesq5ojbselbdqrj0,34
rec_cobdesq5ojbselbdqrjg,35
rec_cobdesq5ojbselbdqrk0,36
rec_cobdesq5ojbselbdqrkg,37
rec_cobdesq5ojbselbdqrl0,38
rec_cobdesq5ojbselbdqrm0,40
rec_cobdesq5ojbselbdqrmg,41
rec_cobdesq5ojbselbdqrn0,42
rec_cobdesq5ojbselbdqrng,43
rec_cobdet25ojbselbdqro0,44
rec_cobdet25ojbselbdqrog,45
rec_cobdet25ojbselbdqrp0,46
rec_cobdet25ojbselbdqrpg,47
rec_cobdet25ojbselbdqrq0,48
rec_cobdet25ojbselbdqrqg,49
rec_cobdet25ojbselbdqrr0,50
rec_cobdet25ojbselbdqrrg,51
rec_cobdet25ojbselbdqrs0,52
rec_cobdet25ojbselbdqrsg,53
rec_cobdet25ojbselbdqrt0,54
rec_cobdet25ojbselbdqrtg,55
rec_cobdet25ojbselbdqru0,56
rec_cobdet25ojbselbdqrug,57
rec_cobdet25ojbselbdqrv0,58
rec_cobdet25ojbselbdqrvg,59
rec_cobdet25ojbselbdqs00,60
rec_cobdet25ojbselbdqs0g,61
rec_cor05u8oepqha1jsmgo0,62
rec_cor0bpooepqha1jsmgpg,63
rec_cp1qh7nvvv266bunkd0g,64
rec_cp29t6nvvv266bunm65g,65
rec_cq5b3i329bhdoikd5bng,66
rec_cq5b49s3egbkt99udtsg,67
rec_cq5b4ek3egbkt99udtt0,68
rec_cq7vmtn4mcj5icr3l0ig,69
rec_cq80o1fbmbgsga6un95g,70
rec_cqkqrcvc12dbm3mecl9g,71
rec_cql9f3udebpe8huvb1bg,72
rec_cqm22nl5cg2i2qglvb0g,73
rec_cqmfo8t5cg2i2qglvm10,74
rec_cqmfogje3sl710hq3bog,75
rec_cqmg44t5cg2i2qglvm2g,76
rec_cqmjl6t5cg2i2qglvorg,77
rec_cqmo42pmv924o3cbrfvg,78
rec_cqmp58be3sl710hq3gng,79
rec_cqmp7spmv924o3cbslr0,80
rec_cqqdrv3jbj646447g45g,81
rec_cqvbmckh53f5ro7dfqs0,82
rec_cra5utm2au65ds841ulg,83
rec_crfon53sejr8r2rhopa0,84
rec_cocrpk523jsre5gha9c0,67
rec_cocrpk523jsre5gha9cg,68
rec_cocrpk523jsre5gha9d0,69
rec_cocrpk523jsre5gha9dg,70
rec_cocrpk523jsre5gha9e0,71
rec_cocrpk523jsre5gha9eg,72
rec_cocrpk523jsre5gha9f0,73
rec_cocrpk523jsre5gha9fg,74
rec_cocrpk523jsre5gha9g0,75
rec_cocrpk523jsre5gha9gg,76
rec_cocrpk523jsre5gha9h0,77
rec_cocrpk523jsre5gha9hg,78
rec_cokjngqo50dbfnaci6s0,79
rec_cokjol7758af7femso90,80
rec_cor05fctgl04ngb6hab0,81
rec_cor09jctgl04ngb6hacg,82
rec_cosjkhi45ipgmae5fdeg,83
rec_cp2eomt4mibkl2ugm0rg,84
rec_cq5avsb29bhdoikd5bkg,85
rec_cq5bhk43egbkt99udu0g,86
rec_cqbv3vn206kua2coon90,87
rec_cqf224u36t01tjk3eeng,88
rec_cqkqo37c12dbm3mecl80,89
rec_cqmfqsre3sl710hq3bp0,90
rec_cqmk6rl5cg2i2qglvp2g,91
rec_cqmo3bt5cg2i2qgm09e0,92
rec_cqopclp4e2oatj0cco1g,93
rec_cqoq4hhr6b4utrbc44og,94
rec_cqskjep6d13uddfma980,95
rec_cra62abn2o4oraop1f40,96
rec_crfoo817led4pu5tnqj0,97
rec_crgvq93qt64cbg13nb50,98
rec_crgvs86245qevvuienqg,99
rec_cocs13t23jsre5gha9j0,1
rec_cocs13t23jsre5gha9jg,2
rec_cocs13t23jsre5gha9k0,3
rec_cocs13t23jsre5gha9kg,4
rec_cocs13t23jsre5gha9l0,5
rec_cocs13t23jsre5gha9lg,6
rec_cocs13t23jsre5gha9m0,7
rec_cocs13t23jsre5gha9mg,8
rec_cocs13t23jsre5gha9n0,9
rec_cocs13t23jsre5gha9ng,10
rec_cocs13t23jsre5gha9o0,11
rec_cocs13t23jsre5gha9og,12
rec_cocs13t23jsre5gha9p0,13
rec_cocs13t23jsre5gha9pg,14
rec_cocs13t23jsre5gha9q0,15
rec_cocs13t23jsre5gha9qg,16
rec_cocs13t23jsre5gha9r0,17
rec_cocs13t23jsre5gha9rg,18
rec_cocs13t23jsre5gha9s0,19
rec_cocs13t23jsre5gha9sg,20
rec_cocs13t23jsre5gha9t0,21
rec_cocs13t23jsre5gha9tg,22
rec_cocs13t23jsre5gha9u0,23
rec_cocs13t23jsre5gha9ug,24
rec_cocs13t23jsre5gha9v0,25
rec_cocs13t23jsre5gha9vg,26
rec_cocs13t23jsre5ghaa00,27
rec_cocs13t23jsre5ghaa0g,28
rec_cocs13t23jsre5ghaa10,29
rec_cocs13t23jsre5ghaa1g,30
rec_cocs13t23jsre5ghaa20,31
rec_cocs13t23jsre5ghaa2g,32
rec_cocs13t23jsre5ghaa30,33
rec_cocs13t23jsre5ghaa3g,34
rec_cocs13t23jsre5ghaa40,35
rec_cocs13t23jsre5ghaa4g,36
rec_cocs13t23jsre5ghaa50,37
rec_cocs13t23jsre5ghaa5g,38
rec_cocs13t23jsre5ghaa60,39
rec_cocs13t23jsre5ghaa6g,40
rec_cocs13t23jsre5ghaa70,41
rec_cocs13t23jsre5ghaa7g,42
rec_cocs13t23jsre5ghaa80,43
rec_cocs13t23jsre5ghaa8g,44
rec_cocs13t23jsre5ghaa90,45
rec_cocs13t23jsre5ghaa9g,46
rec_cocs13t23jsre5ghaaa0,47
rec_cocs13t23jsre5ghaaag,48
rec_cocs13t23jsre5ghaab0,49
rec_cocs13t23jsre5ghaabg,50
rec_cocs13t23jsre5ghaac0,51
rec_cocs13t23jsre5ghaacg,52
rec_cocs13t23jsre5ghaad0,53
rec_cocs13t23jsre5ghaadg,54
rec_cocs13t23jsre5ghaae0,55
rec_cocs13t23jsre5ghaaeg,56
rec_cocs13t23jsre5ghaaf0,57
rec_cocs13t23jsre5ghaafg,58
rec_cocs13t23jsre5ghaag0,59
rec_cocs13t23jsre5ghaagg,60
rec_cocs13t23jsre5ghaah0,61
rec_cocs13t23jsre5ghaahg,62
rec_cocs13t23jsre5ghaai0,63
rec_cocs13t23jsre5ghaaig,64
rec_cocs13t23jsre5ghaaj0,65
rec_cocs13t23jsre5ghaajg,66
rec_cocs13t23jsre5ghaak0,67
rec_cocs13t23jsre5ghaakg,68
rec_cocs13t23jsre5ghaal0,69
rec_cocs13t23jsre5ghaalg,70
rec_cocs13t23jsre5ghaam0,71
rec_cocs13t23jsre5ghaamg,72
rec_cocs13t23jsre5ghaan0,73
rec_cocs13t23jsre5ghaang,74
rec_cocs13t23jsre5ghaao0,75
rec_cocs13t23jsre5ghaaog,76
rec_cocs13t23jsre5ghaap0,77
rec_cocs13t23jsre5ghaapg,78
rec_cocs13t23jsre5ghaaq0,79
rec_cocs13t23jsre5ghaaqg,80
rec_cocs13t23jsre5ghaar0,81
rec_cocs13t23jsre5ghaarg,82
rec_cocs13t23jsre5ghaas0,83
rec_cocs13t23jsre5ghaasg,84
rec_cocs13t23jsre5ghaat0,85
rec_cocs13t23jsre5ghaatg,86
rec_cocs13t23jsre5ghaau0,87
rec_cocs13t23jsre5ghaaug,88
rec_cocs13t23jsre5ghaav0,89
rec_cocs13t23jsre5ghaavg,90
rec_cocs13t23jsre5ghab00,91
rec_cocs13t23jsre5ghab0g,92
rec_cocs13t23jsre5ghab10,93
rec_cocs13t23jsre5ghab1g,94
rec_cocs13t23jsre5ghab20,95
rec_cocs13t23jsre5ghab2g,96
rec_cocs13t23jsre5ghab30,97
rec_cocs13t23jsre5ghab3g,98
rec_cocs13t23jsre5ghab40,99
rec_cocs13t23jsre5ghab4g,100
rec_cocs13t23jsre5ghab50,101
rec_cocs13t23jsre5ghab5g,102
rec_cocs13t23jsre5ghab60,103
rec_cocs13t23jsre5ghab6g,104
rec_cocs13t23jsre5ghab70,105
rec_cocs13t23jsre5ghab7g,106
rec_cocs13t23jsre5ghab80,107
rec_cocs13t23jsre5ghab8g,108
rec_cocs13t23jsre5ghab90,109
rec_cocs13t23jsre5ghab9g,110
rec_cocs13t23jsre5ghaba0,111
rec_cocs13t23jsre5ghabag,112
rec_cocs13t23jsre5ghabb0,113
rec_cocs13t23jsre5ghabbg,114
rec_cocs13t23jsre5ghabc0,115
rec_cocs13t23jsre5ghabcg,116
rec_cocs13t23jsre5ghabd0,117
rec_cocs13t23jsre5ghabdg,118
rec_cocs13t23jsre5ghabe0,119
rec_cocs13t23jsre5ghabeg,120
rec_cocs13t23jsre5ghabf0,121
rec_cocs13t23jsre5ghabfg,122
rec_cocs13t23jsre5ghabg0,123
rec_cocs13t23jsre5ghabgg,124
rec_cocs13t23jsre5ghabh0,125
rec_cocs13t23jsre5ghabhg,126
rec_cocs13t23jsre5ghabi0,127
rec_cocs13t23jsre5ghabig,128
rec_cocs13t23jsre5ghabj0,129
rec_cocs13t23jsre5ghabjg,130
rec_cocs13t23jsre5ghabk0,131
rec_cocs13t23jsre5ghabkg,132
rec_cocs13t23jsre5ghabl0,133
rec_cocs13t23jsre5ghablg,134
rec_cocs13t23jsre5ghabm0,135
rec_cocs13t23jsre5ghabmg,136
rec_cocs13t23jsre5ghabn0,137
rec_cocs13t23jsre5ghabng,138
rec_cocs13t23jsre5ghabo0,139
rec_cocs13t23jsre5ghabog,140
rec_cocs13t23jsre5ghabp0,141
rec_cocs13t23jsre5ghabpg,142
rec_cocs13t23jsre5ghabq0,143
rec_cocs13t23jsre5ghabqg,144
rec_cocs13t23jsre5ghabr0,145
rec_cocs13t23jsre5ghabrg,146
rec_cocs13t23jsre5ghabs0,147
rec_cocs13t23jsre5ghabsg,148
rec_cocs13t23jsre5ghabt0,149
rec_cocs13t23jsre5ghabtg,150
rec_cocs13t23jsre5ghabu0,151
rec_cocs13t23jsre5ghabug,152
rec_cocs13t23jsre5ghabv0,153
rec_cocs13t23jsre5ghabvg,154
rec_cocs13t23jsre5ghac00,155
rec_cocs13t23jsre5ghac0g,156
rec_cocs13t23jsre5ghac10,157
rec_cocs13t23jsre5ghac1g,158
rec_cocs13t23jsre5ghac20,159
rec_cocs13t23jsre5ghac2g,160
rec_cocs13t23jsre5ghac30,161
rec_cocs13t23jsre5ghac3g,162
rec_cocs13t23jsre5ghac40,163
rec_cocs13t23jsre5ghac4g,164
rec_cocs13t23jsre5ghac50,165
rec_cocs13t23jsre5ghac5g,166
rec_cocs13t23jsre5ghac60,167
rec_cocs13t23jsre5ghac6g,168
rec_cocs13t23jsre5ghac70,169
rec_cocs13t23jsre5ghac7g,170
rec_cocs13t23jsre5ghac80,171
rec_cocs13t23jsre5ghac8g,172
rec_cocs13t23jsre5ghac90,173
rec_cocs13t23jsre5ghac9g,174
rec_cocs13t23jsre5ghaca0,175
rec_cocs13t23jsre5ghacag,176
rec_cocs13t23jsre5ghacb0,177
rec_cocs13t23jsre5ghacbg,178
rec_cocs13t23jsre5ghacc0,179
rec_cocs13t23jsre5ghaccg,180
rec_cocs13t23jsre5ghacd0,181
rec_cocs13t23jsre5ghacdg,182
rec_cocs13t23jsre5ghace0,183
rec_cocs13t23jsre5ghaceg,184
rec_cocs13t23jsre5ghacf0,185
rec_cocs13t23jsre5ghacfg,186
rec_cocs13t23jsre5ghacg0,187
rec_cocs13t23jsre5ghacgg,188
rec_cocs13t23jsre5ghach0,189
rec_cocs13t23jsre5ghachg,190
rec_cocs13t23jsre5ghaci0,191
rec_cocs13t23jsre5ghacig,192
rec_cocs13t23jsre5ghacj0,193
rec_cocs13t23jsre5ghacjg,194
rec_cocs13t23jsre5ghack0,195
rec_cocs13t23jsre5ghackg,196
rec_cocs13t23jsre5ghacl0,197
rec_cocs13t23jsre5ghaclg,198
rec_cocs13t23jsre5ghacm0,199
rec_cocs13t23jsre5ghacmg,200
rec_cocs13t23jsre5ghacn0,201
rec_cocs13t23jsre5ghacng,202
rec_cocs13t23jsre5ghaco0,203
rec_cocs13t23jsre5ghacog,204
rec_cocs13t23jsre5ghacp0,205
rec_cocs13t23jsre5ghacpg,206
rec_cocs13t23jsre5ghacq0,207
rec_cocs13t23jsre5ghacqg,208
rec_cocs13t23jsre5ghacr0,209
rec_cocs13t23jsre5ghacrg,210
rec_cocs13t23jsre5ghacs0,211
rec_cocs13t23jsre5ghacsg,212
rec_cocs13t23jsre5ghact0,213
rec_cocs13t23jsre5ghactg,214
rec_cocs13t23jsre5ghacu0,215
rec_cocs13t23jsre5ghacug,216
rec_cocs13t23jsre5ghacv0,217
rec_cocs13t23jsre5ghacvg,218
rec_cocs13t23jsre5ghad00,219
rec_cocs13t23jsre5ghad0g,220
rec_cocs13t23jsre5ghad10,221
rec_cocs13t23jsre5ghad1g,222
rec_cocs13t23jsre5ghad20,223
rec_cocs13t23jsre5ghad2g,224
rec_cocs13t23jsre5ghad30,225
rec_cocs13t23jsre5ghad3g,226
rec_cocs13t23jsre5ghad40,227
rec_cocs13t23jsre5ghad4g,228
rec_cocs13t23jsre5ghad50,229
rec_cocs13t23jsre5ghad5g,230
rec_cocs13t23jsre5ghad60,231
rec_cocs13t23jsre5ghad6g,232
rec_cocs13t23jsre5ghad70,233
rec_cocs13t23jsre5ghad7g,234
rec_cocs13t23jsre5ghad80,235
rec_cocs13t23jsre5ghad8g,236
rec_cocs13t23jsre5ghad90,237
rec_cocs13t23jsre5ghad9g,238
rec_cocs13t23jsre5ghada0,239
rec_cocs13t23jsre5ghadag,240
rec_cocs13t23jsre5ghadb0,241
rec_cocs13t23jsre5ghadbg,242
rec_cocs13t23jsre5ghadc0,243
rec_cocs13t23jsre5ghadcg,244
rec_cocs13t23jsre5ghadd0,245
rec_cocs13t23jsre5ghaddg,246
rec_cocs13t23jsre5ghade0,247
rec_cocs13t23jsre5ghadeg,248
rec_cocs13t23jsre5ghadf0,249
rec_cocs13t23jsre5ghadfg,250
rec_cocs13t23jsre5ghadg0,251
rec_cocs13t23jsre5ghadgg,252
rec_cocs13t23jsre5ghadh0,253
rec_cocs13t23jsre5ghadhg,254
rec_cocs13t23jsre5ghadi0,255
rec_cocs13t23jsre5ghadig,256
rec_cocs13t23jsre5ghadj0,257
rec_cocs13t23jsre5ghadjg,258
rec_cocs13t23jsre5ghadk0,259
rec_cocs13t23jsre5ghadkg,260
rec_cocs13t23jsre5ghadl0,261
rec_cocs13t23jsre5ghadlg,262
rec_cocs13t23jsre5ghadm0,263
rec_cocs13t23jsre5ghadmg,264
rec_cocs13t23jsre5ghadn0,265
rec_cocs13t23jsre5ghadng,266
rec_cocs13t23jsre5ghado0,267
rec_cocs13t23jsre5ghadog,268
rec_cocs13t23jsre5ghadp0,269
rec_cocs13t23jsre5ghadpg,270
rec_cocs13t23jsre5ghadq0,271
rec_cocs13t23jsre5ghadqg,272
rec_cocs13t23jsre5ghadr0,273
rec_cocs14523jsre5ghadrg,274
rec_cocs14523jsre5ghads0,275
rec_cocs14523jsre5ghadsg,276
rec_cocs14523jsre5ghadt0,277
rec_cocs14523jsre5ghadtg,278
rec_cocs14523jsre5ghadu0,279
rec_cocs14523jsre5ghadug,280
rec_cocs14523jsre5ghadv0,281
rec_cocs14523jsre5ghadvg,282
rec_cocs14523jsre5ghae00,283
rec_cocs14523jsre5ghae0g,284
rec_cocs14523jsre5ghae10,285
rec_cocs14523jsre5ghae1g,286
rec_cocs14523jsre5ghae20,287
rec_cocs14523jsre5ghae2g,288
rec_cocs14523jsre5ghae30,289
rec_cocs14523jsre5ghae3g,290
rec_cocs14523jsre5ghae40,291
rec_cocs14523jsre5ghae4g,292
rec_cocs14523jsre5ghae50,293
rec_cocs14523jsre5ghae5g,294
rec_cocs14523jsre5ghae60,295
rec_cocs14523jsre5ghae6g,296
rec_cocs14523jsre5ghae70,297
rec_cocs14523jsre5ghae7g,298
rec_cocs14523jsre5ghae80,299
rec_cocs14523jsre5ghae8g,300
rec_cocs14523jsre5ghae90,301
rec_cocs14523jsre5ghae9g,302
rec_cocs14523jsre5ghaea0,303
rec_cocs14523jsre5ghaeag,304
rec_cocs14523jsre5ghaeb0,305
rec_cocs14523jsre5ghaebg,306
rec_cocs14523jsre5ghaec0,307
rec_cocs14523jsre5ghaecg,308
rec_cocs14523jsre5ghaed0,309
rec_cocs14523jsre5ghaedg,310
rec_cocs14523jsre5ghaee0,311
rec_cocs14523jsre5ghaeeg,312
rec_cocs14523jsre5ghaef0,313
rec_cocs14523jsre5ghaefg,314
rec_cocs14523jsre5ghaeg0,315
rec_cocs14523jsre5ghaegg,316
rec_cocs14523jsre5ghaeh0,317
rec_cocs14523jsre5ghaehg,318
rec_cocs14523jsre5ghaei0,319
rec_cocs14523jsre5ghaeig,320
rec_cocs14523jsre5ghaej0,321
rec_cocs14523jsre5ghaejg,322
rec_cocs14523jsre5ghaek0,323
rec_cocs14523jsre5ghaekg,324
rec_cocs14523jsre5ghael0,325
rec_cocs14523jsre5ghaelg,326
rec_cocs14523jsre5ghaem0,327
rec_cocs14523jsre5ghaemg,328
rec_cocs14523jsre5ghaen0,329
rec_cocs14523jsre5ghaeng,330
rec_cocs14523jsre5ghaeo0,331
rec_cocs14523jsre5ghaeog,332
rec_cocs14523jsre5ghaep0,333
rec_cocs14523jsre5ghaepg,334
rec_cocs14523jsre5ghaeq0,335
rec_cocs14523jsre5ghaeqg,336
rec_cocs14523jsre5ghaer0,337
rec_cocs14523jsre5ghaerg,338
rec_cocs14523jsre5ghaes0,339
rec_cocs14523jsre5ghaesg,340
rec_cocs14523jsre5ghaet0,341
rec_cocs14523jsre5ghaetg,342
rec_cocs14523jsre5ghaeu0,343
rec_cocs14523jsre5ghaeug,344
rec_cocs14523jsre5ghaev0,345
rec_cocs14523jsre5ghaevg,346
rec_cocs14523jsre5ghaf00,347
rec_cocs14523jsre5ghaf0g,348
rec_cocs14523jsre5ghaf10,349
rec_cocs14523jsre5ghaf1g,350
rec_cocs14523jsre5ghaf20,351
rec_cocs14523jsre5ghaf2g,352
rec_cocs14523jsre5ghaf30,353
rec_cocs14523jsre5ghaf3g,354
rec_cocs14523jsre5ghaf40,355
rec_cocs14523jsre5ghaf4g,356
rec_cocs14523jsre5ghaf50,357
rec_cocs14523jsre5ghaf5g,358
rec_cocs14523jsre5ghaf60,359
rec_cocs14523jsre5ghaf6g,360
rec_cocs14523jsre5ghaf70,361
rec_cocs14523jsre5ghaf7g,362
rec_cocs14523jsre5ghaf80,363
rec_cocs14523jsre5ghaf8g,364
rec_cocs14523jsre5ghaf90,365
rec_cocs14523jsre5ghaf9g,366
rec_cocs14523jsre5ghafa0,367
rec_cocs14523jsre5ghafag,368
rec_cocs14523jsre5ghafb0,369
rec_cocs14523jsre5ghafbg,370
rec_cocs14523jsre5ghafc0,371
rec_cocs14523jsre5ghafcg,372
rec_cocs14523jsre5ghafd0,373
rec_cocs14523jsre5ghafdg,374
rec_cocs14523jsre5ghafe0,375
rec_cocs14523jsre5ghafeg,376
rec_cocs14523jsre5ghaff0,377
rec_cocs14523jsre5ghaffg,378
rec_cocs14523jsre5ghafg0,379
rec_cocs14523jsre5ghafgg,380
rec_cocs14523jsre5ghafh0,381
rec_cocs14523jsre5ghafhg,382
rec_cocs14523jsre5ghafi0,383
rec_cocs14523jsre5ghafig,384
rec_cocs14523jsre5ghafj0,385
rec_cocs14523jsre5ghafjg,386
rec_cocs14523jsre5ghafk0,387
rec_cocs14523jsre5ghafkg,388
rec_cocs14523jsre5ghafl0,389
rec_cocs14523jsre5ghaflg,390
rec_cocs14523jsre5ghafm0,391
rec_cocs14523jsre5ghafmg,392
rec_cocs14523jsre5ghafn0,393
rec_cocs14523jsre5ghafng,394
rec_cocs14523jsre5ghafo0,395
rec_cocs14523jsre5ghafog,396
rec_cocs14523jsre5ghafp0,397
rec_cocs14523jsre5ghafpg,398
rec_cocs14523jsre5ghafq0,399
rec_cocs14523jsre5ghafqg,400
rec_cocs14523jsre5ghafr0,401
rec_cocs14523jsre5ghafrg,402
rec_cocs14523jsre5ghafs0,403
rec_cocs14523jsre5ghafsg,404
rec_cocs14523jsre5ghaft0,405
rec_cocs14523jsre5ghaftg,406
rec_cocs14523jsre5ghafu0,407
rec_cocs14523jsre5ghafug,408
rec_cocs14523jsre5ghafv0,409
rec_cocs14523jsre5ghafvg,410
rec_cocs14523jsre5ghag00,411
rec_cocs14523jsre5ghag0g,412
rec_cocs14523jsre5ghag10,413
rec_cocs14523jsre5ghag1g,414
rec_cocs14523jsre5ghag20,415
rec_cocs14523jsre5ghag2g,416
rec_cocs14523jsre5ghag30,417
rec_cocs14523jsre5ghag3g,418
rec_cocs14523jsre5ghag40,419
rec_cocs14523jsre5ghag4g,420
rec_cocs14523jsre5ghag50,421
rec_cocs14523jsre5ghag5g,422
rec_cocs14523jsre5ghag60,423
rec_cocs14523jsre5ghag6g,424
rec_cocs14523jsre5ghag70,425
rec_cocs14523jsre5ghag7g,426
rec_cocs14523jsre5ghag80,427
rec_cocs14523jsre5ghag8g,428
rec_cocs14523jsre5ghag90,429
rec_cocs14523jsre5ghag9g,430
rec_cocs14523jsre5ghaga0,431
rec_cocs14523jsre5ghagag,432
rec_cocs14523jsre5ghagb0,433
rec_cocs14523jsre5ghagbg,434
rec_cocs14523jsre5ghagc0,435
rec_cocs14523jsre5ghagcg,436
rec_cocs14523jsre5ghagd0,437
rec_cocs14523jsre5ghagdg,438
rec_cocs14523jsre5ghage0,439
rec_cocs14523jsre5ghageg,440
rec_cocs14523jsre5ghagf0,441
rec_cocs14523jsre5ghagfg,442
rec_cocs14523jsre5ghagg0,443
rec_cocs14523jsre5ghaggg,444
rec_cocs14523jsre5ghagh0,445
rec_cocs14523jsre5ghaghg,446
rec_cocs14523jsre5ghagi0,447
rec_cocs14523jsre5ghagig,448
rec_cocs14523jsre5ghagj0,449
rec_cocs14523jsre5ghagjg,450
rec_cocs14523jsre5ghagk0,451
rec_cocs14523jsre5ghagkg,452
rec_cocs14523jsre5ghagl0,453
rec_cocs14523jsre5ghaglg,454
rec_cocs14523jsre5ghagm0,455
rec_cocs14523jsre5ghagmg,456
rec_cocs14523jsre5ghagn0,457
rec_cocs14523jsre5ghagng,458
rec_cocs14523jsre5ghago0,459
rec_cocs14523jsre5ghagog,460
rec_cocs14523jsre5ghagp0,461
rec_cocs14523jsre5ghagpg,462
rec_cocs14523jsre5ghagq0,463
rec_cocs14523jsre5ghagqg,464
rec_cocs14523jsre5ghagr0,465
rec_cocs14523jsre5ghagrg,466
rec_cocs14523jsre5ghags0,467
rec_cocs14523jsre5ghagsg,468
rec_cocs14523jsre5ghagt0,469
rec_cocs14523jsre5ghagtg,470
rec_cocs14523jsre5ghagu0,471
rec_cocs14523jsre5ghagug,472
rec_cocs14523jsre5ghagv0,473
rec_cocs14523jsre5ghagvg,474
rec_cocs14523jsre5ghah00,475
rec_cocs14523jsre5ghah0g,476
rec_cocs14523jsre5ghah10,477
rec_cocs14523jsre5ghah1g,478
rec_cocs14523jsre5ghah20,479
rec_cocs14523jsre5ghah2g,480
rec_cocs14523jsre5ghah30,481
rec_cocs14523jsre5ghah3g,482
rec_cocs14523jsre5ghah40,483
rec_cocs14523jsre5ghah4g,484
rec_cocs14523jsre5ghah50,485
rec_cocs14523jsre5ghah5g,486
rec_cocs14523jsre5ghah60,487
rec_cocs14523jsre5ghah6g,488
rec_cocs14523jsre5ghah70,489
rec_cocs14523jsre5ghah7g,490
rec_cocs14523jsre5ghah80,491
rec_cocs14523jsre5ghah8g,492
rec_cocs14523jsre5ghah90,493
rec_cocs14523jsre5ghah9g,494
rec_cocs14523jsre5ghaha0,495
rec_cocs14523jsre5ghahag,496
rec_cocs14523jsre5ghahb0,497
rec_cocs14523jsre5ghahbg,498
rec_cocs14523jsre5ghahc0,499
rec_cocs14523jsre5ghahcg,500
rec_cocs14523jsre5ghahd0,501
rec_cocs14523jsre5ghahdg,502
rec_cocs14523jsre5ghahe0,503
rec_cocs14523jsre5ghaheg,504
rec_cocs14523jsre5ghahf0,505
rec_cocs14523jsre5ghahfg,506
rec_cocs14523jsre5ghahg0,507
rec_cocs14523jsre5ghahgg,508
rec_cocs14523jsre5ghahh0,509
rec_cocs14523jsre5ghahhg,510
rec_cocs14523jsre5ghahi0,511
rec_cocs14523jsre5ghahig,512
rec_cocs14523jsre5ghahj0,513
rec_cocs14523jsre5ghahjg,514
rec_cocs14523jsre5ghahk0,515
rec_cocs14523jsre5ghahkg,516
rec_cocs14523jsre5ghahl0,517
rec_cocs14523jsre5ghahlg,518
rec_cocs14523jsre5ghahm0,519
rec_cocs14523jsre5ghahmg,520
rec_cocs14523jsre5ghahn0,521
rec_cocs14523jsre5ghahng,522
rec_cocs14523jsre5ghaho0,523
rec_cocs14523jsre5ghahog,524
rec_cocs14523jsre5ghahp0,525
rec_cocs14523jsre5ghahpg,526
rec_cocs14523jsre5ghahq0,527
rec_cocs14523jsre5ghahqg,528
rec_cocs14523jsre5ghahr0,529
rec_cocs14523jsre5ghahrg,530
rec_cocs14523jsre5ghahs0,531
rec_cocs14523jsre5ghahsg,532
rec_cocs14523jsre5ghaht0,533
rec_cocs14523jsre5ghahtg,534
rec_cocs14523jsre5ghahu0,535
rec_cocs14523jsre5ghahug,536
rec_cocs14523jsre5ghahv0,537
rec_cocs14523jsre5ghahvg,538
rec_cocs14523jsre5ghai00,539
rec_cocs14523jsre5ghai0g,540
rec_cocs14523jsre5ghai10,541
rec_cocs14523jsre5ghai1g,542
rec_cocs14523jsre5ghai20,543
rec_cocs14523jsre5ghai2g,544
rec_cocs14523jsre5ghai30,545
rec_cocs14523jsre5ghai3g,546
rec_cocs14523jsre5ghai40,547
rec_cocs14523jsre5ghai4g,548
rec_cocs14523jsre5ghai50,549
rec_cocs14523jsre5ghai5g,550
rec_cocs14523jsre5ghai60,551
rec_cocs14523jsre5ghai6g,552
rec_cocs14523jsre5ghai70,553
rec_cocs14523jsre5ghai7g,554
rec_cocs14523jsre5ghai80,555
rec_cocs14523jsre5ghai8g,556
rec_cocs14523jsre5ghai90,557
rec_cocs14523jsre5ghai9g,558
rec_cocs14523jsre5ghaia0,559
rec_cocs14523jsre5ghaiag,560
rec_cocs14523jsre5ghaib0,561
rec_cocs14523jsre5ghaibg,562
rec_cocs14523jsre5ghaic0,563
rec_cocs14523jsre5ghaicg,564
rec_cocs14523jsre5ghaid0,565
rec_cocs14523jsre5ghaidg,566
rec_cocs14523jsre5ghaie0,567
rec_cocs14523jsre5ghaieg,568
rec_cocs14523jsre5ghaif0,569
rec_cocs14523jsre5ghaifg,570
rec_cocs14523jsre5ghaig0,571
rec_cocs14523jsre5ghaigg,572
rec_cocs14523jsre5ghaih0,573
rec_cocs14523jsre5ghaihg,574
rec_cocs14523jsre5ghaii0,575
rec_cocs14523jsre5ghaiig,576
rec_cocs14523jsre5ghaij0,577
rec_cocs14523jsre5ghaijg,578
rec_cocs14523jsre5ghaik0,579
rec_cocs14523jsre5ghaikg,580
rec_cocs14523jsre5ghail0,581
rec_cocs14523jsre5ghailg,582
rec_cocs14523jsre5ghaim0,583
rec_cocs14523jsre5ghaimg,584
rec_cocs14523jsre5ghain0,585
rec_cocs14523jsre5ghaing,586
rec_cocs14523jsre5ghaio0,587
rec_cocs14523jsre5ghaiog,588
rec_cocs14523jsre5ghaip0,589
rec_cocs14523jsre5ghaipg,590
rec_cocs14523jsre5ghaiq0,591
rec_cocs14523jsre5ghaiqg,592
rec_cocs14523jsre5ghair0,593
rec_cocs14523jsre5ghairg,594
rec_cocs14523jsre5ghais0,595
rec_cocs14523jsre5ghaisg,596
rec_cocs14523jsre5ghait0,597
rec_cocs14523jsre5ghaitg,598
rec_cocs14523jsre5ghaiu0,599
rec_cocs14523jsre5ghaiug,600
rec_cocs14523jsre5ghaiv0,601
rec_cocs14523jsre5ghaivg,602
rec_cocs14523jsre5ghaj00,603
rec_cocs14523jsre5ghaj0g,604
rec_cocs14523jsre5ghaj10,605
rec_cocs14523jsre5ghaj1g,606
rec_cocs14523jsre5ghaj20,607
rec_cocs14523jsre5ghaj2g,608
rec_cocs14523jsre5ghaj30,609
rec_cocs14523jsre5ghaj3g,610
rec_cocs14523jsre5ghaj40,611
rec_cocs14523jsre5ghaj4g,612
rec_cocs14523jsre5ghaj50,613
rec_cocs14523jsre5ghaj5g,614
rec_cocs14523jsre5ghaj60,615
rec_cocs14523jsre5ghaj6g,616
rec_cocs14523jsre5ghaj70,617
rec_cocs14523jsre5ghaj7g,618
rec_cocs14523jsre5ghaj80,619
rec_cocs14523jsre5ghaj8g,620
rec_cocs14523jsre5ghaj90,621
rec_cocs14523jsre5ghaj9g,622
rec_cocs14523jsre5ghaja0,623
rec_cocs14523jsre5ghajag,624
rec_cocs14523jsre5ghajb0,625
rec_cocs14523jsre5ghajbg,626
rec_cocs14523jsre5ghajc0,627
rec_cocs14523jsre5ghajcg,628
rec_cocs14523jsre5ghajd0,629
rec_cocs14523jsre5ghajdg,630
rec_cocs14523jsre5ghaje0,631
rec_cocs14523jsre5ghajeg,632
rec_cocs14523jsre5ghajf0,633
rec_cocs14523jsre5ghajfg,634
rec_cocs14523jsre5ghajg0,635
rec_cocs14523jsre5ghajgg,636
rec_cocs14523jsre5ghajh0,637
rec_cocs14523jsre5ghajhg,638
rec_cocs14523jsre5ghaji0,639
rec_cocs14523jsre5ghajig,640
rec_cocs14523jsre5ghajj0,641
rec_cocs14523jsre5ghajjg,642
rec_cocs14523jsre5ghajk0,643
rec_cocs14523jsre5ghajkg,644
rec_cocs14523jsre5ghajl0,645
rec_cocs14523jsre5ghajlg,646
rec_cocs14523jsre5ghajm0,647
rec_cocs14523jsre5ghajmg,648
rec_cocs14523jsre5ghajn0,649
rec_cocs14523jsre5ghajng,650
rec_cocs14523jsre5ghajo0,651
rec_cocs14523jsre5ghajog,652
rec_cocs14523jsre5ghajp0,653
rec_cocs14523jsre5ghajpg,654
rec_cocs14523jsre5ghajq0,655
rec_cocs14523jsre5ghajqg,656
rec_cocs14523jsre5ghajr0,657
rec_cocs14523jsre5ghajrg,658
rec_cocs14523jsre5ghajs0,659
rec_cocs14523jsre5ghajsg,660
rec_cocs14523jsre5ghajt0,661
rec_cocs14523jsre5ghajtg,662
rec_cocs14523jsre5ghaju0,663
rec_cocs14523jsre5ghajug,664
rec_cocs14523jsre5ghajv0,665
rec_cocs14523jsre5ghajvg,666
rec_cocs14523jsre5ghak00,667
rec_cocs14523jsre5ghak0g,668
rec_cocs14523jsre5ghak10,669
rec_cocs14523jsre5ghak1g,670
rec_cocs14523jsre5ghak20,671
rec_cocs14523jsre5ghak2g,672
rec_cocs14523jsre5ghak30,673
rec_cocs14523jsre5ghak3g,674
rec_cocs14523jsre5ghak40,675
rec_cocs14523jsre5ghak4g,676
rec_cocs14523jsre5ghak50,677
rec_cocs14523jsre5ghak5g,678
rec_cocs14523jsre5ghak60,679
rec_cocs14523jsre5ghak6g,680
rec_cocs14523jsre5ghak70,681
rec_cocs14523jsre5ghak7g,682
rec_cocs14523jsre5ghak80,683
rec_cocs14523jsre5ghak8g,684
rec_cocs14523jsre5ghak90,685
rec_cocs14523jsre5ghak9g,686
rec_cocs14523jsre5ghaka0,687
rec_cocs14523jsre5ghakag,688
rec_cocs14523jsre5ghakb0,689
rec_cocs14523jsre5ghakbg,690
rec_cocs14523jsre5ghakc0,691
rec_cocs14523jsre5ghakcg,692
rec_cocs14523jsre5ghakd0,693
rec_cocs14523jsre5ghakdg,694
rec_cocs14523jsre5ghake0,695
rec_cocs14523jsre5ghakeg,696
rec_cocs14523jsre5ghakf0,697
rec_cocs14523jsre5ghakfg,698
rec_cocs14523jsre5ghakg0,699
rec_cocs14523jsre5ghakgg,700
rec_cocs14523jsre5ghakh0,701
rec_cocs14523jsre5ghakhg,702
rec_cocs14523jsre5ghaki0,703
rec_cocs14523jsre5ghakig,704
rec_cocs14523jsre5ghakj0,705
rec_cocs14523jsre5ghakjg,706
rec_cocs14523jsre5ghakk0,707
rec_cocs14523jsre5ghakkg,708
rec_cocs14523jsre5ghakl0,709
rec_cocs14523jsre5ghaklg,710
rec_cocs14523jsre5ghakm0,711
rec_cocs14523jsre5ghakmg,712
rec_cocs14523jsre5ghakn0,713
rec_cocs14523jsre5ghakng,714
rec_cocs14523jsre5ghako0,715
rec_cocs14523jsre5ghakog,716
rec_cocs14523jsre5ghakp0,717
rec_cocs14523jsre5ghakpg,718
rec_cocs14523jsre5ghakq0,719
rec_cocs14523jsre5ghakqg,720
rec_cocs14523jsre5ghakr0,721
rec_cocs14523jsre5ghakrg,722
rec_cocs14523jsre5ghaks0,723
rec_cocs14523jsre5ghaksg,724
rec_cocs14523jsre5ghakt0,725
rec_cocs14523jsre5ghaktg,726
rec_cocs14523jsre5ghaku0,727
rec_cocs14523jsre5ghakug,728
rec_cocs14523jsre5ghakv0,729
rec_cocs14523jsre5ghakvg,730
rec_cocs14523jsre5ghal00,731
rec_cocs14523jsre5ghal0g,732
rec_cor06j4tgl04ngb6habg,733
rec_cor0a00oepqha1jsmgp0,734
rec_cp2a2lvvvv266bunm6kg,735
rec_cq5bi6j29bhdoikd5br0,736
rec_cqf25hv206kua2cork00,737
rec_cqf25vv206kua2cork0g,738
rec_cqmo48be3sl710hq3gj0,739
rec_cra62l75feplfgqrs96g,740
rec_crgvsi3qt64cbg13nb9g,741
rec_crgvsmjqt64cbg13nbag,742
rec_crgvt26245qevvuiensg,743
rec_crgvtgbqt64cbg13nbbg,744
rec_cobh2b4jmvif9dac1i3g,1
rec_cobh2i5bjt595h63l27g,2
rec_cobh2msjmvif9dac1i40,3
rec_cobh2t5bjt595h63l280,4
rec_cobh33cjmvif9dac1i50,5
rec_cobh36kjmvif9dac1i5g,6
rec_cocbntrtoib24jp051pg,7
rec_cocboav7gom81e15fgcg,8
rec_cocbqhrtoib24jp051qg,9
rec_cocbrfutp0ni9u4cn00g,10
rec_cocrhr523jsre5gha820,11
rec_cocrhr523jsre5gha82g,12
rec_cocrhr523jsre5gha830,13
rec_cocrhr523jsre5gha83g,14
rec_cocrhr523jsre5gha840,15
rec_cocrhr523jsre5gha84g,16
rec_cocrhr523jsre5gha850,17
rec_cocrhr523jsre5gha85g,18
rec_cocrhr523jsre5gha860,19
rec_cocrhr523jsre5gha86g,20
rec_cocrhr523jsre5gha870,21
rec_cocrhr523jsre5gha87g,22
rec_cocrhr523jsre5gha880,23
rec_cocrhr523jsre5gha88g,24
rec_cocrhr523jsre5gha890,25
rec_cocrhr523jsre5gha89g,26
rec_cocrhr523jsre5gha8a0,27
rec_cocrhr523jsre5gha8ag,28
rec_cocrhr523jsre5gha8b0,29
rec_cocrhr523jsre5gha8bg,30
rec_cocrhr523jsre5gha8c0,31
rec_cocrhr523jsre5gha8cg,32
rec_cocrhr523jsre5gha8d0,33
rec_cocrhr523jsre5gha8dg,34
rec_cocrhr523jsre5gha8e0,35
rec_cocrhr523jsre5gha8eg,36
rec_cocrhr523jsre5gha8f0,37
rec_cocrhr523jsre5gha8fg,38
rec_cocrhr523jsre5gha8g0,39
rec_cocrhr523jsre5gha8gg,40
rec_cocrhr523jsre5gha8h0,41
rec_cocrhr523jsre5gha8hg,42
rec_cocrhr523jsre5gha8ig,43
rec_cocrhr523jsre5gha8j0,44
rec_cocrhr523jsre5gha8jg,45
rec_cocrhr523jsre5gha8k0,46
rec_cocrhr523jsre5gha8kg,47
rec_cocrhr523jsre5gha8l0,48
rec_cocrhr523jsre5gha8lg,49
rec_cocrhr523jsre5gha8m0,50
rec_cocrhr523jsre5gha8mg,51
rec_cocrhr523jsre5gha8n0,52
rec_cocrhr523jsre5gha8ng,53
rec_cocrhr523jsre5gha8o0,54
rec_cocrhr523jsre5gha8og,55
rec_cocrhr523jsre5gha8p0,56
rec_cocrhr523jsre5gha8pg,57
rec_cocrhr523jsre5gha8q0,58
rec_cocrhr523jsre5gha8qg,59
rec_cocrhr523jsre5gha8r0,60
rec_cocrhr523jsre5gha8rg,61
rec_cocrhr523jsre5gha8s0,62
rec_cocrhr523jsre5gha8sg,63
rec_cocrhr523jsre5gha8t0,64
rec_cocrhr523jsre5gha8tg,65
rec_cocrhr523jsre5gha8u0,66
rec_cocrhr523jsre5gha8ug,67
rec_cocrhr523jsre5gha8v0,68
rec_cocrhr523jsre5gha8vg,69
rec_cocrhr523jsre5gha900,70
rec_cocrhr523jsre5gha90g,71
rec_cocrhr523jsre5gha910,72
rec_cocrhr523jsre5gha91g,73
rec_cocrhr523jsre5gha920,74
rec_cocrhr523jsre5gha92g,75
rec_cocrhr523jsre5gha930,76
rec_cocrhr523jsre5gha93g,77
rec_cocrhr523jsre5gha940,78
rec_cocrhr523jsre5gha94g,79
rec_cocrhr523jsre5gha950,80
rec_cocrhr523jsre5gha95g,81
rec_cocrhr523jsre5gha960,82
rec_cocrhr523jsre5gha96g,83
rec_cocrhr523jsre5gha970,84
rec_cocrhr523jsre5gha97g,85
rec_cocrhr523jsre5gha980,86
rec_cocrhr523jsre5gha98g,87
rec_cocrhr523jsre5gha990,88
rec_cocrhr523jsre5gha99g,89
rec_cocrhr523jsre5gha9a0,90
rec_cocrhr523jsre5gha9ag,91
rec_cp1qhff6gfslia6uoe2g,92
rec_cp2a5g34f9p514bqbbbg,93
rec_cp2a5g34f9p514bqbbc0,94
rec_cp2a5g34f9p514bqbbcg,95
rec_cp2a5g34f9p514bqbbd0,96
rec_cp2a5g34f9p514bqbbdg,97
rec_cp2a5g34f9p514bqbbe0,98
rec_cp2a5g34f9p514bqbbeg,99
rec_cp2a5g34f9p514bqbbf0,100
rec_cp2a5g34f9p514bqbbfg,101
rec_cp2a5g34f9p514bqbbg0,102
rec_cp2a5g34f9p514bqbbgg,103
rec_cp2a5g34f9p514bqbbh0,104
rec_cp2a5g34f9p514bqbbhg,105
rec_cp2a5g34f9p514bqbbi0,106
rec_cp2a5g34f9p514bqbbig,107
rec_cp2a5g34f9p514bqbbj0,108
rec_cp2a5g34f9p514bqbbjg,109
rec_cp2a5g34f9p514bqbbk0,110
rec_cp2a5g34f9p514bqbbkg,111
rec_cp2a5g34f9p514bqbbl0,112
rec_cp2a5g34f9p514bqbblg,113
rec_cp2a5g34f9p514bqbbm0,114
rec_cp2a5g34f9p514bqbbmg,115
rec_cp2a5g34f9p514bqbbn0,116
rec_cp2a5g34f9p514bqbbng,117
rec_cp2a5g34f9p514bqbbo0,118
rec_cp2a5g34f9p514bqbbog,119
rec_cp2a5g76gfslia6usubg,120
rec_cp2a5g76gfslia6usuc0,121
rec_cp2a5g76gfslia6usucg,122
rec_cp2a5g76gfslia6usud0,123
rec_cp2a5g76gfslia6usudg,124
rec_cp2a5g7vvv266bunm6m0,125
rec_cp2a5g7vvv266bunm6mg,126
rec_cp2a5gb4f9p514bqbbp0,127
rec_cp2a5gb4f9p514bqbbpg,128
rec_cp2a5gb4f9p514bqbbq0,129
rec_cp2a5gb4f9p514bqbbqg,130
rec_cp2a5gb4f9p514bqbbr0,131
rec_cp2a5gb4f9p514bqbbrg,132
rec_cp2a5gb4f9p514bqbbs0,133
rec_cp2a5gb4f9p514bqbbsg,134
rec_cp2a5gb4f9p514bqbbt0,135
rec_cp2a5gb4f9p514bqbbtg,136
rec_cp2a5gb4f9p514bqbbu0,137
rec_cp2a5gb4f9p514bqbbug,138
rec_cp2a5gb4f9p514bqbbv0,139
rec_cp2a5gb4f9p514bqbbvg,140
rec_cp2a5gb4f9p514bqbc00,141
rec_cp2a5gb4f9p514bqbc0g,142
rec_cp2a5gb4f9p514bqbc10,143
rec_cp2a5gb4f9p514bqbc1g,144
rec_cp2a5gb4f9p514bqbc20,145
rec_cp2a5gb4f9p514bqbc2g,146
rec_cp2a5gb4f9p514bqbc30,147
rec_cp2a5gb4f9p514bqbc3g,148
rec_cp2a5gb4f9p514bqbc40,149
rec_cp2a5gb4f9p514bqbc4g,150
rec_cp2a5gb4f9p514bqbc50,151
rec_cp2a5gb4f9p514bqbc5g,152
rec_cp2a5gb4f9p514bqbc60,153
rec_cp2a5gb4f9p514bqbc6g,154
rec_cp2a5gb4f9p514bqbc70,155
rec_cp2a5gb4f9p514bqbc7g,156
rec_cp2a5gb4f9p514bqbc80,157
rec_cp2a5gb4f9p514bqbc8g,158
rec_cp2a5gb4f9p514bqbc90,159
rec_cp2a5gb4f9p514bqbc9g,160
rec_cp2a5gb4f9p514bqbca0,161
rec_cp2a5gb4f9p514bqbcag,162
rec_cp2a5gb4f9p514bqbcb0,163
rec_cp2a5gb4f9p514bqbcbg,164
rec_cp2a5gb4f9p514bqbcc0,165
rec_cp2a5gb4f9p514bqbccg,166
rec_cp2a5gb4f9p514bqbcd0,167
rec_cp2a5gb4f9p514bqbcdg,168
rec_cp2a5gb4f9p514bqbce0,169
rec_cp2a5gb4f9p514bqbceg,170
rec_cp2a5gf6gfslia6usue0,171
rec_cp2a5gf6gfslia6usueg,172
rec_cp2a5gf6gfslia6usuf0,173
rec_cp2a5gf6gfslia6usufg,174
rec_cp2a5gf6gfslia6usug0,175
rec_cp2a5gf6gfslia6usugg,176
rec_cp2a5gf6gfslia6usuh0,177
rec_cp2a5gf6gfslia6usuhg,178
rec_cp2a5gf6gfslia6usui0,179
rec_cp2a5gf6gfslia6usuig,180
rec_cp2a5gf6gfslia6usuj0,181
rec_cp2a5gf6gfslia6usujg,182
rec_cp2a5gf6gfslia6usuk0,183
rec_cp2a5gf6gfslia6usukg,184
rec_cp2a5gf6gfslia6usul0,185
rec_cp2a5gf6gfslia6usulg,186
rec_cp2a5gf6gfslia6usum0,187
rec_cp2a5gf6gfslia6usumg,188
rec_cp2a5gf6gfslia6usun0,189
rec_cp2a5gfvvv266bunm6n0,190
rec_cp2a5gfvvv266bunm6ng,191
rec_cp2a5gfvvv266bunm6o0,192
rec_cp2a5gfvvv266bunm6og,193
rec_cp2a5gfvvv266bunm6p0,194
rec_cp2a5gfvvv266bunm6pg,195
rec_cp2a5gfvvv266bunm6q0,196
rec_cp2a5gfvvv266bunm6qg,197
rec_cp2a5gfvvv266bunm6r0,198
rec_cp2a5gfvvv266bunm6rg,199
rec_cp2a5gfvvv266bunm6s0,200
rec_cp2a5gfvvv266bunm6sg,201
rec_cp2a5gfvvv266bunm6t0,202
rec_cp2a5gfvvv266bunm6tg,203
rec_cp2a5gfvvv266bunm6u0,204
rec_cp2a5gj4f9p514bqbcf0,205
rec_cp2a5gj4f9p514bqbcfg,206
rec_cp2a5gj4f9p514bqbcg0,207
rec_cp2a5gj4f9p514bqbcgg,208
rec_cp2a5gj4f9p514bqbch0,209
rec_cp2a5gj4f9p514bqbchg,210
rec_cp2a5gj4f9p514bqbci0,211
rec_cp2a5gj4f9p514bqbcig,212
rec_cp2a5gj4f9p514bqbcj0,213
rec_cp2a5gj4f9p514bqbcjg,214
rec_cp2a5gj4f9p514bqbck0,215
rec_cp2a5gj4f9p514bqbckg,216
rec_cp2a5gj4f9p514bqbcl0,217
rec_cp2a5gj4f9p514bqbclg,218
rec_cp2a5gj4f9p514bqbcm0,219
rec_cp2a5gj4f9p514bqbcmg,220
rec_cp2a5gj4f9p514bqbco0,221
rec_cp2a5gj4f9p514bqbcog,222
rec_cp2a5gj4f9p514bqbcp0,223
rec_cp2a5gj4f9p514bqbcpg,224
rec_cp2a5gj4f9p514bqbcq0,225
rec_cp2a5gj4f9p514bqbcqg,226
rec_cp2a5gj4f9p514bqbcr0,227
rec_cp2a5gj4f9p514bqbcrg,228
rec_cp2a5gj4f9p514bqbcs0,229
rec_cp2a5gj4f9p514bqbcsg,230
rec_cp2a5gj4f9p514bqbct0,231
rec_cp2a5gj4f9p514bqbctg,232
rec_cp2a5gj4f9p514bqbcu0,233
rec_cp2a5gj4f9p514bqbcug,234
rec_cp2a5gj4f9p514bqbcv0,235
rec_cp2a5gj4f9p514bqbcvg,236
rec_cp2a5gj4f9p514bqbd00,237
rec_cp2a5gj4f9p514bqbd0g,238
rec_cp2a5gj4f9p514bqbd10,239
rec_cp2a5gj4f9p514bqbd1g,240
rec_cp2a5gj4f9p514bqbd20,241
rec_cp2a5gj4f9p514bqbd2g,242
rec_cp2a5gj4f9p514bqbd30,243
rec_cp2a5gj4f9p514bqbd3g,244
rec_cp2a5gj4f9p514bqbd40,245
rec_cp2a5gj4f9p514bqbd4g,246
rec_cp2a5gj4f9p514bqbd50,247
rec_cp2a5gj4f9p514bqbd5g,248
rec_cp2a5gj4f9p514bqbd60,249
rec_cp2a5gn6gfslia6usung,250
rec_cp2a5gn6gfslia6usuo0,251
rec_cp2a5gn6gfslia6usuog,252
rec_cp2a5gn6gfslia6usup0,253
rec_cp2a5gn6gfslia6usupg,254
rec_cp2a5gn6gfslia6usuq0,255
rec_cp2a5gn6gfslia6usuqg,256
rec_cp2a5gn6gfslia6usur0,257
rec_cp2a5gn6gfslia6usurg,258
rec_cp2a5gn6gfslia6usus0,259
rec_cp2a5gn6gfslia6ususg,260
rec_cp2a5gn6gfslia6usut0,261
rec_cp2a5gn6gfslia6usutg,262
rec_cp2a5gn6gfslia6usuu0,263
rec_cp2a5gn6gfslia6usuug,264
rec_cp2a5gn6gfslia6usuv0,265
rec_cp2a5gnvvv266bunm6ug,266
rec_cp2a5gnvvv266bunm6v0,267
rec_cp2a5gnvvv266bunm6vg,268
rec_cp2a5gnvvv266bunm700,269
rec_cp2a5gnvvv266bunm70g,270
rec_cp2a5gnvvv266bunm71g,271
rec_cp2a5gnvvv266bunm720,272
rec_cp2a5gnvvv266bunm72g,273
rec_cp2a5gnvvv266bunm730,274
rec_cp2a5gnvvv266bunm73g,275
rec_cp2a5gnvvv266bunm740,276
rec_cp2a5gr4f9p514bqbd6g,277
rec_cp2a5gr4f9p514bqbd70,278
rec_cp2a5gr4f9p514bqbd7g,279
rec_cp2a5gr4f9p514bqbd80,280
rec_cp2a5gr4f9p514bqbd8g,281
rec_cp2a5gr4f9p514bqbd90,282
rec_cp2a5gr4f9p514bqbd9g,283
rec_cp2a5gr4f9p514bqbda0,284
rec_cp2a5gr4f9p514bqbdag,285
rec_cp2a5gr4f9p514bqbdb0,286
rec_cp2a5gr4f9p514bqbdc0,287
rec_cp2a5gr4f9p514bqbdcg,288
rec_cp2a5gr4f9p514bqbdd0,289
rec_cp2a5gr4f9p514bqbddg,290
rec_cp2a5gr4f9p514bqbde0,291
rec_cp2a5gr4f9p514bqbdf0,292
rec_cp2a5gr4f9p514bqbdfg,293
rec_cp2a5gr4f9p514bqbdg0,294
rec_cp2a5gr4f9p514bqbdgg,295
rec_cp2a5gr4f9p514bqbdh0,296
rec_cp2a5gr4f9p514bqbdhg,297
rec_cp2a5gr4f9p514bqbdi0,298
rec_cp2a5gr4f9p514bqbdig,299
rec_cp2a5gr4f9p514bqbdj0,300
rec_cp2a5gr4f9p514bqbdjg,301
rec_cp2a5gr4f9p514bqbdk0,302
rec_cp2a5gr4f9p514bqbdkg,303
rec_cp2a5gr4f9p514bqbdl0,304
rec_cp2a5gr4f9p514bqbdlg,305
rec_cp2a5gr4f9p514bqbdm0,306
rec_cp2a5gr4f9p514bqbdmg,307
rec_cp2a5gr4f9p514bqbdn0,308
rec_cp2a5gv6gfslia6usuvg,309
rec_cp2a5gv6gfslia6usv00,310
rec_cp2a5gv6gfslia6usv0g,311
rec_cp2a5gv6gfslia6usv10,312
rec_cp2a5gv6gfslia6usv1g,313
rec_cp2a5gv6gfslia6usv20,314
rec_cp2a5gv6gfslia6usv2g,315
rec_cp2a5gv6gfslia6usv30,316
rec_cp2a5gv6gfslia6usv3g,317
rec_cp2a5gv6gfslia6usv40,318
rec_cp2a5gv6gfslia6usv4g,319
rec_cp2a5gv6gfslia6usv50,320
rec_cp2a5gv6gfslia6usv5g,321
rec_cp2a5gv6gfslia6usv60,322
rec_cp2a5gvvvv266bunm74g,323
rec_cp2a5gvvvv266bunm750,324
rec_cp2a5gvvvv266bunm75g,325
rec_cp2a5gvvvv266bunm760,326
rec_cp2a5gvvvv266bunm76g,327
rec_cp2a5gvvvv266bunm770,328
rec_cp2a5gvvvv266bunm77g,329
rec_cp2a5gvvvv266bunm780,330
rec_cp2a5gvvvv266bunm78g,331
rec_cp2a5gvvvv266bunm790,332
rec_cp2a5gvvvv266bunm79g,333
rec_cp2a5gvvvv266bunm7a0,334
rec_cp2a5gvvvv266bunm7ag,335
rec_cp2a5gvvvv266bunm7b0,336
rec_cp2a5gvvvv266bunm7bg,337
rec_cp2a5gvvvv266bunm7c0,338
rec_cp2a5gvvvv266bunm7cg,339
rec_cp2a5h34f9p514bqbdng,340
rec_cp2a5h34f9p514bqbdo0,341
rec_cp2a5h34f9p514bqbdog,342
rec_cp2a5h34f9p514bqbdp0,343
rec_cp2a5h34f9p514bqbdpg,344
rec_cp2a5h34f9p514bqbdq0,345
rec_cp2a5h34f9p514bqbdqg,346
rec_cp2a5h34f9p514bqbdr0,347
rec_cp2a5h34f9p514bqbds0,348
rec_cp2a5h34f9p514bqbdsg,349
rec_cp2a5h34f9p514bqbdt0,350
rec_cp2a5h34f9p514bqbdtg,351
rec_cp2a5h34f9p514bqbdu0,352
rec_cp2a5h34f9p514bqbdug,353
rec_cp2a5h34f9p514bqbdv0,354
rec_cp2a5h34f9p514bqbdvg,355
rec_cp2a5h34f9p514bqbe00,356
rec_cp2a5h34f9p514bqbe0g,357
rec_cp2a5h34f9p514bqbe10,358
rec_cp2a5h34f9p514bqbe1g,359
rec_cp2a5h34f9p514bqbe20,360
rec_cp2a5h34f9p514bqbe2g,361
rec_cp2a5h34f9p514bqbe30,362
rec_cp2a5h34f9p514bqbe3g,363
rec_cp2a5h34f9p514bqbe40,364
rec_cp2a5h34f9p514bqbe4g,365
rec_cp2a5h34f9p514bqbe50,366
rec_cp2a5h34f9p514bqbe5g,367
rec_cp2a5h34f9p514bqbe60,368
rec_cp2a5h34f9p514bqbe6g,369
rec_cp2a5h34f9p514bqbe70,370
rec_cp2a5h34f9p514bqbe7g,371
rec_cp2a5h34f9p514bqbe80,372
rec_cp2a5h34f9p514bqbe8g,373
rec_cp2a5h34f9p514bqbe90,374
rec_cp2a5h34f9p514bqbe9g,375
rec_cp2a5h34f9p514bqbea0,376
rec_cp2a5h34f9p514bqbeag,377
rec_cp2a5h34f9p514bqbeb0,378
rec_cp2a5h34f9p514bqbebg,379
rec_cp2a5h34f9p514bqbec0,380
rec_cp2a5h34f9p514bqbecg,381
rec_cp2a5h76gfslia6usv6g,382
rec_cp2a5h76gfslia6usv70,383
rec_cp2a5h76gfslia6usv7g,384
rec_cp2a5h76gfslia6usv80,385
rec_cp2a5h76gfslia6usv8g,386
rec_cp2a5h76gfslia6usv90,387
rec_cp2a5h76gfslia6usv9g,388
rec_cp2a5h76gfslia6usva0,389
rec_cp2a5h76gfslia6usvag,390
rec_cp2a5h76gfslia6usvb0,391
rec_cp2a5h76gfslia6usvbg,392
rec_cp2a5h76gfslia6usvc0,393
rec_cp2a5h76gfslia6usvcg,394
rec_cp2a5h76gfslia6usvd0,395
rec_cp2a5h76gfslia6usvdg,396
rec_cp2a5h76gfslia6usve0,397
rec_cp2a5h76gfslia6usveg,398
rec_cp2a5h76gfslia6usvf0,399
rec_cp2a5h76gfslia6usvfg,400
rec_cp2a5h76gfslia6usvg0,401
rec_cp2a5h76gfslia6usvgg,402
rec_cp2a5h76gfslia6usvh0,403
rec_cp2a5h76gfslia6usvhg,404
rec_cp2a5h76gfslia6usvi0,405
rec_cp2a5h76gfslia6usvig,406
rec_cp2a5h76gfslia6usvj0,407
rec_cp2a5h7vvv266bunm7d0,408
rec_cp2a5h7vvv266bunm7dg,409
rec_cp2a5h7vvv266bunm7e0,410
rec_cp2a5h7vvv266bunm7eg,411
rec_cp2a5h7vvv266bunm7f0,412
rec_cp2a5h7vvv266bunm7g0,413
rec_cp2a5h7vvv266bunm7gg,414
rec_cp2a5hb4f9p514bqbed0,415
rec_cp2a5hb4f9p514bqbedg,416
rec_cp2a5hb4f9p514bqbee0,417
rec_cp2a5hb4f9p514bqbeeg,418
rec_cp2a5hb4f9p514bqbef0,419
rec_cp2a5hb4f9p514bqbefg,420
rec_cp2a5hb4f9p514bqbeg0,421
rec_cp2a5hb4f9p514bqbegg,422
rec_cp2a5hb4f9p514bqbeh0,423
rec_cp2a5hb4f9p514bqbehg,424
rec_cp2a5hb4f9p514bqbei0,425
rec_cp2a5hb4f9p514bqbeig,426
rec_cp2a5hb4f9p514bqbej0,427
rec_cp2a5hb4f9p514bqbejg,428
rec_cp2a5hb4f9p514bqbek0,429
rec_cp2a5hb4f9p514bqbekg,430
rec_cp2a5hb4f9p514bqbel0,431
rec_cp2a5hb4f9p514bqbelg,432
rec_cp2a5hb4f9p514bqbem0,433
rec_cp2a5hb4f9p514bqbemg,434
rec_cp2a5hb4f9p514bqben0,435
rec_cp2a5hb4f9p514bqbeng,436
rec_cp2a5hb4f9p514bqbeo0,437
rec_cp2a5hb4f9p514bqbeog,438
rec_cp2a5hb4f9p514bqbep0,439
rec_cp2a5hb4f9p514bqbeq0,440
rec_cp2a5hb4f9p514bqbeqg,441
rec_cp2a5hb4f9p514bqber0,442
rec_cp2a5hb4f9p514bqberg,443
rec_cp2a5hb4f9p514bqbes0,444
rec_cp2a5hb4f9p514bqbesg,445
rec_cp2a5hb4f9p514bqbet0,446
rec_cp2a5hb4f9p514bqbetg,447
rec_cp2a5hb4f9p514bqbeu0,448
rec_cp2a5hb4f9p514bqbeug,449
rec_cp2a5hb4f9p514bqbev0,450
rec_cp2a5hb4f9p514bqbevg,451
rec_cp2a5hb4f9p514bqbf00,452
rec_cp2a5hb4f9p514bqbf0g,453
rec_cp2a5hb4f9p514bqbf10,454
rec_cp2a5hf6gfslia6usvjg,455
rec_cp2a5hf6gfslia6usvk0,456
rec_cp2a5hf6gfslia6usvkg,457
rec_cp2a5hf6gfslia6usvl0,458
rec_cp2a5hf6gfslia6usvlg,459
rec_cp2a5hf6gfslia6usvm0,460
rec_cp2a5hf6gfslia6usvmg,461
rec_cp2a5hf6gfslia6usvn0,462
rec_cp2a5hf6gfslia6usvng,463
rec_cp2a5hf6gfslia6usvo0,464
rec_cp2a5hf6gfslia6usvog,465
rec_cp2a5hf6gfslia6usvp0,466
rec_cp2a5hf6gfslia6usvqg,467
rec_cp2a5hf6gfslia6usvr0,468
rec_cp2a5hf6gfslia6usvrg,469
rec_cp2a5hf6gfslia6usvs0,470
rec_cp2a5hf6gfslia6usvsg,471
rec_cp2a5hf6gfslia6usvt0,472
rec_cp2a5hf6gfslia6usvtg,473
rec_cp2a5hfvvv266bunm7h0,474
rec_cp2a5hfvvv266bunm7hg,475
rec_cp2a5hfvvv266bunm7i0,476
rec_cp2a5hfvvv266bunm7ig,477
rec_cp2a5hfvvv266bunm7j0,478
rec_cp2a5hfvvv266bunm7jg,479
rec_cp2a5hfvvv266bunm7k0,480
rec_cp2a5hfvvv266bunm7kg,481
rec_cp2a5hfvvv266bunm7l0,482
rec_cp2a5hfvvv266bunm7lg,483
rec_cp2a5hfvvv266bunm7m0,484
rec_cp2a5hfvvv266bunm7mg,485
rec_cp2a5hfvvv266bunm7n0,486
rec_cp2a5hj4f9p514bqbf1g,487
rec_cp2a5hj4f9p514bqbf20,488
rec_cp2a5hj4f9p514bqbf2g,489
rec_cp2a5hj4f9p514bqbf30,490
rec_cp2a5hj4f9p514bqbf3g,491
rec_cp2a5hj4f9p514bqbf40,492
rec_cp2a5hj4f9p514bqbf4g,493
rec_cp2a5hj4f9p514bqbf50,494
rec_cp2a5hj4f9p514bqbf5g,495
rec_cp2a5hj4f9p514bqbf60,496
rec_cp2a5hj4f9p514bqbf6g,497
rec_cp2a5hj4f9p514bqbf70,498
rec_cp2a5hj4f9p514bqbf7g,499
rec_cp2a5hj4f9p514bqbf80,500
rec_cp2a5hj4f9p514bqbf8g,501
rec_cp2a5hj4f9p514bqbf90,502
rec_cp2a5hj4f9p514bqbf9g,503
rec_cp2a5hj4f9p514bqbfa0,504
rec_cp2a5hj4f9p514bqbfag,505
rec_cp2a5hj4f9p514bqbfb0,506
rec_cp2a5hj4f9p514bqbfbg,507
rec_cp2a5hj4f9p514bqbfc0,508
rec_cp2a5hj4f9p514bqbfcg,509
rec_cp2a5hj4f9p514bqbfd0,510
rec_cp2a5hj4f9p514bqbfdg,511
rec_cp2a5hj4f9p514bqbfeg,512
rec_cp2a5hj4f9p514bqbffg,513
rec_cp2a5hj4f9p514bqbfg0,514
rec_cp2a5hj4f9p514bqbfgg,515
rec_cp2a5hj4f9p514bqbfh0,516
rec_cp2a5hj4f9p514bqbfhg,517
rec_cp2a5hj4f9p514bqbfi0,518
rec_cp2a5hj4f9p514bqbfig,519
rec_cp2a5hj4f9p514bqbfj0,520
rec_cp2a5hj4f9p514bqbfjg,521
rec_cp2a5hj4f9p514bqbfk0,522
rec_cp2a5hj4f9p514bqbfkg,523
rec_cp2a5hj4f9p514bqbfl0,524
rec_cp2a5hj4f9p514bqbflg,525
rec_cp2a5hj4f9p514bqbfm0,526
rec_cp2a5hj4f9p514bqbfmg,527
rec_cp2a5hj4f9p514bqbfn0,528
rec_cp2a5hj4f9p514bqbfng,529
rec_cp2a5hj4f9p514bqbfo0,530
rec_cp2a5hj4f9p514bqbfog,531
rec_cp2a5hj4f9p514bqbfp0,532
rec_cp2a5hj4f9p514bqbfpg,533
rec_cp2a5hj4f9p514bqbfq0,534
rec_cp2a5hn6gfslia6usvu0,535
rec_cp2a5hn6gfslia6usvug,536
rec_cp2a5hn6gfslia6usvv0,537
rec_cp2a5hn6gfslia6usvvg,538
rec_cp2a5hn6gfslia6ut000,539
rec_cp2a5hn6gfslia6ut00g,540
rec_cp2a5hn6gfslia6ut010,541
rec_cp2a5hn6gfslia6ut01g,542
rec_cp2a5hn6gfslia6ut020,543
rec_cp2a5hn6gfslia6ut02g,544
rec_cp2a5hn6gfslia6ut030,545
rec_cp2a5hn6gfslia6ut03g,546
rec_cp2a5hn6gfslia6ut040,547
rec_cp2a5hn6gfslia6ut04g,548
rec_cp2a5hn6gfslia6ut050,549
rec_cp2a5hn6gfslia6ut05g,550
rec_cp2a5hn6gfslia6ut060,551
rec_cp2a5hn6gfslia6ut06g,552
rec_cp2a5hn6gfslia6ut070,553
rec_cp2a5hnvvv266bunm7ng,554
rec_cp2a5hnvvv266bunm7o0,555
rec_cp2a5hnvvv266bunm7og,556
rec_cp2a5hnvvv266bunm7p0,557
rec_cp2a5hnvvv266bunm7q0,558
rec_cp2a5hr4f9p514bqbfqg,559
rec_cp2a5hr4f9p514bqbfr0,560
rec_cp2a5hr4f9p514bqbfrg,561
rec_cp2a5hr4f9p514bqbfs0,562
rec_cp2a5hr4f9p514bqbfsg,563
rec_cp2a5hr4f9p514bqbft0,564
rec_cp2a5hr4f9p514bqbftg,565
rec_cp2a5hr4f9p514bqbfu0,566
rec_cp2a5hr4f9p514bqbfug,567
rec_cp2a5hr4f9p514bqbfv0,568
rec_cp2a5hr4f9p514bqbfvg,569
rec_cp2a5hr4f9p514bqbg00,570
rec_cp2a5hr4f9p514bqbg0g,571
rec_cp2a5hr4f9p514bqbg10,572
rec_cp2a5hr4f9p514bqbg1g,573
rec_cp2a5hr4f9p514bqbg20,574
rec_cp2a5hr4f9p514bqbg2g,575
rec_cp2a5hr4f9p514bqbg30,576
rec_cp2a5hr4f9p514bqbg3g,577
rec_cp2a5hr4f9p514bqbg40,578
rec_cp2a5hr4f9p514bqbg4g,579
rec_cp2a5hr4f9p514bqbg50,580
rec_cp2a5hr4f9p514bqbg5g,581
rec_cp2a5hr4f9p514bqbg60,582
rec_cp2a5hr4f9p514bqbg6g,583
rec_cp2a5hr4f9p514bqbg7g,584
rec_cp2a5hr4f9p514bqbg80,585
rec_cp2a5hr4f9p514bqbg8g,586
rec_cp2a5hr4f9p514bqbg90,587
rec_cp2a5hr4f9p514bqbg9g,588
rec_cp2a5hr4f9p514bqbga0,589
rec_cp2a5hr4f9p514bqbgag,590
rec_cp2a5hr4f9p514bqbgb0,591
rec_cp2a5hr4f9p514bqbgbg,592
rec_cp2a5hr4f9p514bqbgc0,593
rec_cp2a5hr4f9p514bqbgcg,594
rec_cp2a5hr4f9p514bqbgd0,595
rec_cp2a5hr4f9p514bqbgdg,596
rec_cp2a5hr4f9p514bqbge0,597
rec_cp2a5hr4f9p514bqbgeg,598
rec_cp2a5hr4f9p514bqbgf0,599
rec_cp2a5hr4f9p514bqbgfg,600
rec_cp2a5hr4f9p514bqbgg0,601
rec_cp2a5hr4f9p514bqbggg,602
rec_cp2a5hr4f9p514bqbgh0,603
rec_cp2a5hr4f9p514bqbghg,604
rec_cp2a5hr4f9p514bqbgi0,605
rec_cp2a5hv6gfslia6ut07g,606
rec_cp2a5hv6gfslia6ut080,607
rec_cp2a5hv6gfslia6ut08g,608
rec_cp2a5hv6gfslia6ut090,609
rec_cp2a5hv6gfslia6ut09g,610
rec_cp2a5hv6gfslia6ut0a0,611
rec_cp2a5hv6gfslia6ut0ag,612
rec_cp2a5hv6gfslia6ut0b0,613
rec_cp2a5hv6gfslia6ut0bg,614
rec_cp2a5hv6gfslia6ut0d0,615
rec_cp2a5hv6gfslia6ut0dg,616
rec_cp2a5hv6gfslia6ut0e0,617
rec_cp2a5hv6gfslia6ut0eg,618
rec_cp2a5hvvvv266bunm7qg,619
rec_cp2a5hvvvv266bunm7r0,620
rec_cp2a5hvvvv266bunm7rg,621
rec_cp2a5hvvvv266bunm7s0,622
rec_cp2a5hvvvv266bunm7sg,623
rec_cp2a5hvvvv266bunm7t0,624
rec_cp2a5hvvvv266bunm7tg,625
rec_cp2a5hvvvv266bunm7u0,626
rec_cp2a5hvvvv266bunm7ug,627
rec_cp2a5hvvvv266bunm7v0,628
rec_cp2a5hvvvv266bunm7vg,629
rec_cp2a5hvvvv266bunm800,630
rec_cp2a5i34f9p514bqbgig,631
rec_cp2a5i34f9p514bqbgj0,632
rec_cp2a5i34f9p514bqbgjg,633
rec_cp2a5i34f9p514bqbgk0,634
rec_cp2a5i34f9p514bqbgkg,635
rec_cp2a5i34f9p514bqbgl0,636
rec_cp2a5i34f9p514bqbglg,637
rec_cp2a5i34f9p514bqbgm0,638
rec_cp2a5i34f9p514bqbgmg,639
rec_cp2a5i34f9p514bqbgn0,640
rec_cp2a5i34f9p514bqbgng,641
rec_cp2a5i34f9p514bqbgo0,642
rec_cp2a5i34f9p514bqbgog,643
rec_cp2a5i34f9p514bqbgp0,644
rec_cp2a5i34f9p514bqbgpg,645
rec_cp2a5i34f9p514bqbgq0,646
rec_cp2a5i34f9p514bqbgqg,647
rec_cp2a5i34f9p514bqbgr0,648
rec_cp2a5i76gfslia6ut0f0,649
rec_cp2a5i76gfslia6ut0fg,650
rec_cp2a5i76gfslia6ut0g0,651
rec_cp2a5i76gfslia6ut0gg,652
rec_cp2a5i76gfslia6ut0h0,653
rec_cp2a5i7vvv266bunm80g,654
rec_cp2a5i7vvv266bunm810,655
rec_cp2a5i7vvv266bunm81g,656
rec_cp2acs34f9p514bqbh2g,657
rec_cp2acs34f9p514bqbh30,658
rec_cp2acs34f9p514bqbh3g,659
rec_cp2acs34f9p514bqbh40,660
rec_cp2acs34f9p514bqbh50,661
rec_cp2acs34f9p514bqbh5g,662
rec_cp2acs34f9p514bqbh60,663
rec_cp2acs34f9p514bqbh6g,664
rec_cp2acs34f9p514bqbh70,665
rec_cp2acs34f9p514bqbh7g,666
rec_cp2acs34f9p514bqbh80,667
rec_cp2acs34f9p514bqbh8g,668
rec_cp2acs34f9p514bqbh90,669
rec_cp2acs34f9p514bqbh9g,670
rec_cp2acs34f9p514bqbha0,671
rec_cp2acs34f9p514bqbhag,672
rec_cp2acs34f9p514bqbhb0,673
rec_cp2acs34f9p514bqbhbg,674
rec_cp2acs34f9p514bqbhc0,675
rec_cp2acs34f9p514bqbhcg,676
rec_cp2acs34f9p514bqbhd0,677
rec_cp2acs34f9p514bqbhdg,678
rec_cp2acs34f9p514bqbhe0,679
rec_cp2acs34f9p514bqbheg,680
rec_cp2acs34f9p514bqbhf0,681
rec_cp2acs34f9p514bqbhfg,682
rec_cp2acs34f9p514bqbhg0,683
rec_cp2acs34f9p514bqbhgg,684
rec_cp2acs34f9p514bqbhh0,685
rec_cp2acs34f9p514bqbhhg,686
rec_cp2acs34f9p514bqbhi0,687
rec_cp2acs34f9p514bqbhig,688
rec_cp2acs34f9p514bqbhj0,689
rec_cp2acs34f9p514bqbhjg,690
rec_cp2acs34f9p514bqbhk0,691
rec_cp2acs34f9p514bqbhkg,692
rec_cp2acs34f9p514bqbhl0,693
rec_cp2acs34f9p514bqbhlg,694
rec_cp2acs34f9p514bqbhmg,695
rec_cp2acs34f9p514bqbhng,696
rec_cp2acs76gfslia6ut0i0,697
rec_cp2acs76gfslia6ut0ig,698
rec_cp2acs76gfslia6ut0j0,699
rec_cp2acs76gfslia6ut0jg,700
rec_cp2acs76gfslia6ut0k0,701
rec_cp2acs76gfslia6ut0kg,702
rec_cp2acs76gfslia6ut0l0,703
rec_cp2acs76gfslia6ut0lg,704
rec_cp2acs76gfslia6ut0m0,705
rec_cp2acs76gfslia6ut0mg,706
rec_cp2acs76gfslia6ut0n0,707
rec_cp2acs76gfslia6ut0ng,708
rec_cp2acs76gfslia6ut0o0,709
rec_cp2acs76gfslia6ut0og,710
rec_cp2acs76gfslia6ut0p0,711
rec_cp2acs76gfslia6ut0pg,712
rec_cp2acs76gfslia6ut0q0,713
rec_cp2acs76gfslia6ut0qg,714
rec_cp2acs76gfslia6ut0r0,715
rec_cp2acs76gfslia6ut0rg,716
rec_cp2acs7vvv266bunm820,717
rec_cp2acs7vvv266bunm82g,718
rec_cp2acs7vvv266bunm830,719
rec_cp2acs7vvv266bunm83g,720
rec_cp2acs7vvv266bunm840,721
rec_cp2acs7vvv266bunm84g,722
rec_cp2acs7vvv266bunm850,723
rec_cp2acs7vvv266bunm85g,724
rec_cp2acs7vvv266bunm860,725
rec_cp2acs7vvv266bunm86g,726
rec_cp2acs7vvv266bunm870,727
rec_cp2acs7vvv266bunm87g,728
rec_cp2acsb4f9p514bqbho0,729
rec_cp2acsb4f9p514bqbhog,730
rec_cp2acsb4f9p514bqbhp0,731
rec_cp2acsb4f9p514bqbhpg,732
rec_cp2acsb4f9p514bqbhq0,733
rec_cp2acsb4f9p514bqbhqg,734
rec_cp2acsb4f9p514bqbhr0,735
rec_cp2acsb4f9p514bqbhrg,736
rec_cp2acsb4f9p514bqbhs0,737
rec_cp2acsb4f9p514bqbhsg,738
rec_cp2acsb4f9p514bqbht0,739
rec_cp2acsb4f9p514bqbhtg,740
rec_cp2acsb4f9p514bqbhu0,741
rec_cp2acsb4f9p514bqbhv0,742
rec_cp2acsb4f9p514bqbhvg,743
rec_cp2acsb4f9p514bqbi00,744
rec_cp2acsb4f9p514bqbi0g,745
rec_cp2acsb4f9p514bqbi10,746
rec_cp2acsb4f9p514bqbi1g,747
rec_cp2acsb4f9p514bqbi20,748
rec_cp2acsb4f9p514bqbi2g,749
rec_cp2acsb4f9p514bqbi30,750
rec_cp2acsb4f9p514bqbi3g,751
rec_cp2acsb4f9p514bqbi40,752
rec_cp2acsb4f9p514bqbi4g,753
rec_cp2acsb4f9p514bqbi50,754
rec_cp2acsb4f9p514bqbi5g,755
rec_cp2acsb4f9p514bqbi60,756
rec_cp2acsb4f9p514bqbi6g,757
rec_cp2acsb4f9p514bqbi70,758
rec_cp2acsb4f9p514bqbi7g,759
rec_cp2acsb4f9p514bqbi80,760
rec_cp2acsb4f9p514bqbi8g,761
rec_cp2acsb4f9p514bqbi90,762
rec_cp2acsb4f9p514bqbi9g,763
rec_cp2acsb4f9p514bqbia0,764
rec_cp2acsb4f9p514bqbiag,765
rec_cp2acsb4f9p514bqbib0,766
rec_cp2acsb4f9p514bqbibg,767
rec_cp2acsb4f9p514bqbic0,768
rec_cp2acsb4f9p514bqbicg,769
rec_cp2acsb4f9p514bqbid0,770
rec_cp2acsf6gfslia6ut0s0,771
rec_cp2acsf6gfslia6ut0sg,772
rec_cp2acsf6gfslia6ut0t0,773
rec_cp2acsf6gfslia6ut0tg,774
rec_cp2acsf6gfslia6ut0u0,775
rec_cp2acsf6gfslia6ut0ug,776
rec_cp2acsf6gfslia6ut0v0,777
rec_cp2acsf6gfslia6ut0vg,778
rec_cp2acsf6gfslia6ut100,779
rec_cp2acsf6gfslia6ut10g,780
rec_cp2acsf6gfslia6ut110,781
rec_cp2acsf6gfslia6ut11g,782
rec_cp2acsf6gfslia6ut120,783
rec_cp2acsf6gfslia6ut12g,784
rec_cp2acsf6gfslia6ut130,785
rec_cp2acsf6gfslia6ut13g,786
rec_cp2acsf6gfslia6ut140,787
rec_cp2acsf6gfslia6ut14g,788
rec_cp2acsfvvv266bunm880,789
rec_cp2acsfvvv266bunm88g,790
rec_cp2acsfvvv266bunm890,791
rec_cp2acsfvvv266bunm89g,792
rec_cp2acsfvvv266bunm8a0,793
rec_cp2acsfvvv266bunm8b0,794
rec_cp2acsfvvv266bunm8bg,795
rec_cp2acsfvvv266bunm8c0,796
rec_cp2acsfvvv266bunm8cg,797
rec_cp2acsfvvv266bunm8d0,798
rec_cp2acsfvvv266bunm8dg,799
rec_cp2acsfvvv266bunm8e0,800
rec_cp2acsfvvv266bunm8eg,801
rec_cp2acsj4f9p514bqbidg,802
rec_cp2acsj4f9p514bqbie0,803
rec_cp2acsj4f9p514bqbieg,804
rec_cp2acsj4f9p514bqbif0,805
rec_cp2acsj4f9p514bqbifg,806
rec_cp2acsj4f9p514bqbig0,807
rec_cp2acsj4f9p514bqbigg,808
rec_cp2acsj4f9p514bqbih0,809
rec_cp2acsj4f9p514bqbihg,810
rec_cp2acsj4f9p514bqbii0,811
rec_cp2acsj4f9p514bqbiig,812
rec_cp2acsj4f9p514bqbij0,813
rec_cp2acsj4f9p514bqbijg,814
rec_cp2acsj4f9p514bqbik0,815
rec_cp2acsj4f9p514bqbikg,816
rec_cp2acsj4f9p514bqbil0,817
rec_cp2acsj4f9p514bqbilg,818
rec_cp2acsj4f9p514bqbim0,819
rec_cp2acsj4f9p514bqbimg,820
rec_cp2acsj4f9p514bqbin0,821
rec_cp2acsj4f9p514bqbing,822
rec_cp2acsj4f9p514bqbio0,823
rec_cp2acsj4f9p514bqbiog,824
rec_cp2acsj4f9p514bqbip0,825
rec_cp2acsj4f9p514bqbipg,826
rec_cp2acsj4f9p514bqbiq0,827
rec_cp2acsj4f9p514bqbiqg,828
rec_cp2acsj4f9p514bqbir0,829
rec_cp2acsj4f9p514bqbirg,830
rec_cp2acsj4f9p514bqbis0,831
rec_cp2acsj4f9p514bqbisg,832
rec_cp2acsj4f9p514bqbit0,833
rec_cp2acsn6gfslia6ut150,834
rec_cp2acsn6gfslia6ut15g,835
rec_cp2acsn6gfslia6ut160,836
rec_cp2acsn6gfslia6ut16g,837
rec_cp2acsn6gfslia6ut170,838
rec_cp2acsn6gfslia6ut17g,839
rec_cp2acsn6gfslia6ut180,840
rec_cp2acsn6gfslia6ut190,841
rec_cp2acsn6gfslia6ut19g,842
rec_cp2acsn6gfslia6ut1a0,843
rec_cp2acsn6gfslia6ut1ag,844
rec_cp2acsn6gfslia6ut1b0,845
rec_cp2acsn6gfslia6ut1bg,846
rec_cp2acsn6gfslia6ut1c0,847
rec_cp2acsn6gfslia6ut1cg,848
rec_cp2acsn6gfslia6ut1d0,849
rec_cp2acsn6gfslia6ut1dg,850
rec_cp2acsn6gfslia6ut1e0,851
rec_cp2acsn6gfslia6ut1eg,852
rec_cp2acsn6gfslia6ut1f0,853
rec_cp2acsn6gfslia6ut1fg,854
rec_cp2acsn6gfslia6ut1g0,855
rec_cp2acsn6gfslia6ut1gg,856
rec_cp2acsn6gfslia6ut1h0,857
rec_cp2acsn6gfslia6ut1hg,858
rec_cp2acsn6gfslia6ut1i0,859
rec_cp2acsn6gfslia6ut1ig,860
rec_cp2acsn6gfslia6ut1j0,861
rec_cp2acsn6gfslia6ut1jg,862
rec_cp2acsn6gfslia6ut1k0,863
rec_cp2acsnvvv266bunm8f0,864
rec_cp2acsnvvv266bunm8fg,865
rec_cp2acsnvvv266bunm8g0,866
rec_cp2acsnvvv266bunm8h0,867
rec_cp2acsnvvv266bunm8hg,868
rec_cp2acsnvvv266bunm8i0,869
rec_cp2acsnvvv266bunm8ig,870
rec_cp2acsnvvv266bunm8j0,871
rec_cp2acsnvvv266bunm8jg,872
rec_cp2acsnvvv266bunm8k0,873
rec_cp2acsnvvv266bunm8kg,874
rec_cp2acsr4f9p514bqbitg,875
rec_cp2acsr4f9p514bqbiu0,876
rec_cp2acsr4f9p514bqbiug,877
rec_cp2acsr4f9p514bqbiv0,878
rec_cp2acsr4f9p514bqbivg,879
rec_cp2acsr4f9p514bqbj00,880
rec_cp2acsr4f9p514bqbj0g,881
rec_cp2acsr4f9p514bqbj10,882
rec_cp2acsr4f9p514bqbj1g,883
rec_cp2acsr4f9p514bqbj20,884
rec_cp2acsr4f9p514bqbj2g,885
rec_cp2acsr4f9p514bqbj30,886
rec_cp2acsr4f9p514bqbj3g,887
rec_cp2acsr4f9p514bqbj40,888
rec_cp2acsr4f9p514bqbj4g,889
rec_cp2acsr4f9p514bqbj50,890
rec_cp2acsr4f9p514bqbj5g,891
rec_cp2acsr4f9p514bqbj60,892
rec_cp2acsr4f9p514bqbj6g,893
rec_cp2acsr4f9p514bqbj70,894
rec_cp2acsr4f9p514bqbj7g,895
rec_cp2acsr4f9p514bqbj80,896
rec_cp2acsr4f9p514bqbj8g,897
rec_cp2acsr4f9p514bqbj90,898
rec_cp2acsr4f9p514bqbj9g,899
rec_cp2acsr4f9p514bqbja0,900
rec_cp2acsr4f9p514bqbjag,901
rec_cp2acsr4f9p514bqbjb0,902
rec_cp2acsr4f9p514bqbjbg,903
rec_cp2acsr4f9p514bqbjc0,904
rec_cp2acsr4f9p514bqbjcg,905
rec_cp2acsr4f9p514bqbjd0,906
rec_cp2acsr4f9p514bqbjdg,907
rec_cp2acsv6gfslia6ut1kg,908
rec_cp2acsv6gfslia6ut1l0,909
rec_cp2acsv6gfslia6ut1lg,910
rec_cp2acsv6gfslia6ut1m0,911
rec_cp2acsv6gfslia6ut1mg,912
rec_cp2acsv6gfslia6ut1n0,913
rec_cp2acsv6gfslia6ut1ng,914
rec_cp2acsv6gfslia6ut1o0,915
rec_cp2acsv6gfslia6ut1og,916
rec_cp2acsv6gfslia6ut1p0,917
rec_cp2acsv6gfslia6ut1pg,918
rec_cp2acsv6gfslia6ut1q0,919
rec_cp2acsv6gfslia6ut1qg,920
rec_cp2acsv6gfslia6ut1r0,921
rec_cp2acsv6gfslia6ut1rg,922
rec_cp2acsv6gfslia6ut1s0,923
rec_cp2acsv6gfslia6ut1sg,924
rec_cp2acsv6gfslia6ut1t0,925
rec_cp2acsv6gfslia6ut1tg,926
rec_cp2acsv6gfslia6ut1ug,927
rec_cp2acsvvvv266bunm8l0,928
rec_cp2acsvvvv266bunm8lg,929
rec_cp2acsvvvv266bunm8m0,930
rec_cp2acsvvvv266bunm8n0,931
rec_cp2acsvvvv266bunm8ng,932
rec_cp2acsvvvv266bunm8o0,933
rec_cp2acsvvvv266bunm8og,934
rec_cp2acsvvvv266bunm8p0,935
rec_cp2acsvvvv266bunm8pg,936
rec_cp2acsvvvv266bunm8q0,937
rec_cp2acsvvvv266bunm8qg,938
rec_cp2acsvvvv266bunm8r0,939
rec_cp2acsvvvv266bunm8rg,940
rec_cp2acsvvvv266bunm8s0,941
rec_cp2acsvvvv266bunm8sg,942
rec_cp2acsvvvv266bunm8t0,943
rec_cp2acsvvvv266bunm8tg,944
rec_cp2acsvvvv266bunm8u0,945
rec_cp2act34f9p514bqbjf0,946
rec_cp2act34f9p514bqbjfg,947
rec_cp2act34f9p514bqbjg0,948
rec_cp2act34f9p514bqbjh0,949
rec_cp2act34f9p514bqbjhg,950
rec_cp2act34f9p514bqbji0,951
rec_cp2act34f9p514bqbjig,952
rec_cp2act34f9p514bqbjj0,953
rec_cp2act34f9p514bqbjjg,954
rec_cp2act34f9p514bqbjk0,955
rec_cp2act34f9p514bqbjkg,956
rec_cp2act34f9p514bqbjl0,957
rec_cp2act34f9p514bqbjlg,958
rec_cp2act34f9p514bqbjm0,959
rec_cp2act34f9p514bqbjmg,960
rec_cp2act34f9p514bqbjn0,961
rec_cp2act34f9p514bqbjng,962
rec_cp2act34f9p514bqbjo0,963
rec_cp2act34f9p514bqbjog,964
rec_cp2act34f9p514bqbjp0,965
rec_cp2act34f9p514bqbjpg,966
rec_cp2act34f9p514bqbjq0,967
rec_cp2act34f9p514bqbjqg,968
rec_cp2act34f9p514bqbjr0,969
rec_cp2act34f9p514bqbjrg,970
rec_cp2act34f9p514bqbjs0,971
rec_cp2act34f9p514bqbjsg,972
rec_cp2act34f9p514bqbjt0,973
rec_cp2act34f9p514bqbjtg,974
rec_cp2act34f9p514bqbju0,975
rec_cp2act34f9p514bqbjug,976
rec_cp2act34f9p514bqbjv0,977
rec_cp2act34f9p514bqbjvg,978
rec_cp2act34f9p514bqbk00,979
rec_cp2act34f9p514bqbk0g,980
rec_cp2act34f9p514bqbk10,981
rec_cp2act34f9p514bqbk1g,982
rec_cp2act76gfslia6ut200,983
rec_cp2act76gfslia6ut20g,984
rec_cp2act76gfslia6ut210,985
rec_cp2act76gfslia6ut21g,986
rec_cp2act76gfslia6ut220,987
rec_cp2act76gfslia6ut22g,988
rec_cp2act76gfslia6ut230,989
rec_cp2act76gfslia6ut23g,990
rec_cp2act76gfslia6ut240,991
rec_cp2act76gfslia6ut24g,992
rec_cp2act76gfslia6ut250,993
rec_cp2act76gfslia6ut25g,994
rec_cp2act76gfslia6ut260,995
rec_cp2act76gfslia6ut26g,996
rec_cp2act76gfslia6ut270,997
rec_cp2act76gfslia6ut27g,998
rec_cp2act76gfslia6ut280,999
rec_cp2act76gfslia6ut290,1000
rec_cp2act76gfslia6ut29g,1001
rec_cp2act76gfslia6ut2a0,1002
rec_cp2act76gfslia6ut2b0,1003
rec_cp2act76gfslia6ut2bg,1004
rec_cp2act76gfslia6ut2c0,1005
rec_cp2act7vvv266bunm8ug,1006
rec_cp2act7vvv266bunm8v0,1007
rec_cp2act7vvv266bunm8vg,1008
rec_cp2act7vvv266bunm900,1009
rec_cp2act7vvv266bunm90g,1010
rec_cp2act7vvv266bunm910,1011
rec_cp2act7vvv266bunm91g,1012
rec_cp2act7vvv266bunm920,1013
rec_cp2act7vvv266bunm92g,1014
rec_cp2act7vvv266bunm930,1015
rec_cp2actb4f9p514bqbk2g,1016
rec_cp2actb4f9p514bqbk30,1017
rec_cp2actb4f9p514bqbk40,1018
rec_cp2actb4f9p514bqbk4g,1019
rec_cp2actb4f9p514bqbk50,1020
rec_cp2actb4f9p514bqbk5g,1021
rec_cp2actb4f9p514bqbk60,1022
rec_cp2actb4f9p514bqbk6g,1023
rec_cp2actb4f9p514bqbk70,1024
rec_cp2actb4f9p514bqbk7g,1025
rec_cp2actb4f9p514bqbk80,1026
rec_cp2actb4f9p514bqbk8g,1027
rec_cp2actb4f9p514bqbk90,1028
rec_cp2actb4f9p514bqbk9g,1029
rec_cp2actb4f9p514bqbka0,1030
rec_cp2actb4f9p514bqbkag,1031
rec_cp2actb4f9p514bqbkb0,1032
rec_cp2actb4f9p514bqbkbg,1033
rec_cp2actb4f9p514bqbkc0,1034
rec_cp2actb4f9p514bqbkcg,1035
rec_cp2actb4f9p514bqbkd0,1036
rec_cp2actb4f9p514bqbkdg,1037
rec_cp2actb4f9p514bqbke0,1038
rec_cp2actb4f9p514bqbkeg,1039
rec_cp2actb4f9p514bqbkf0,1040
rec_cp2actb4f9p514bqbkfg,1041
rec_cp2actb4f9p514bqbkg0,1042
rec_cp2actb4f9p514bqbkgg,1043
rec_cp2actb4f9p514bqbkh0,1044
rec_cp2actb4f9p514bqbkhg,1045
rec_cp2actb4f9p514bqbki0,1046
rec_cp2actb4f9p514bqbkj0,1047
rec_cp2actb4f9p514bqbkjg,1048
rec_cp2actb4f9p514bqbkk0,1049
rec_cp2actb4f9p514bqbkl0,1050
rec_cp2actb4f9p514bqbklg,1051
rec_cp2actb4f9p514bqbkm0,1052
rec_cp2actb4f9p514bqbkmg,1053
rec_cp2actb4f9p514bqbkn0,1054
rec_cp2actb4f9p514bqbkng,1055
rec_cp2actf6gfslia6ut2cg,1056
rec_cp2actf6gfslia6ut2d0,1057
rec_cp2actf6gfslia6ut2dg,1058
rec_cp2actf6gfslia6ut2e0,1059
rec_cp2actf6gfslia6ut2eg,1060
rec_cp2actf6gfslia6ut2f0,1061
rec_cp2actf6gfslia6ut2fg,1062
rec_cp2actf6gfslia6ut2g0,1063
rec_cp2actf6gfslia6ut2gg,1064
rec_cp2actf6gfslia6ut2h0,1065
rec_cp2actf6gfslia6ut2hg,1066
rec_cp2actf6gfslia6ut2i0,1067
rec_cp2actf6gfslia6ut2ig,1068
rec_cp2actf6gfslia6ut2j0,1069
rec_cp2actf6gfslia6ut2jg,1070
rec_cp2actf6gfslia6ut2k0,1071
rec_cp2actf6gfslia6ut2kg,1072
rec_cp2actf6gfslia6ut2l0,1073
rec_cp2actf6gfslia6ut2lg,1074
rec_cp2actf6gfslia6ut2m0,1075
rec_cp2actf6gfslia6ut2n0,1076
rec_cp2actf6gfslia6ut2ng,1077
rec_cp2actfvvv266bunm93g,1078
rec_cp2actfvvv266bunm940,1079
rec_cp2actfvvv266bunm94g,1080
rec_cp2actfvvv266bunm950,1081
rec_cp2actfvvv266bunm95g,1082
rec_cp2actfvvv266bunm960,1083
rec_cp2actfvvv266bunm96g,1084
rec_cp2actfvvv266bunm970,1085
rec_crfohn3sejr8r2rhop5g,1086
rec_crfoie97led4pu5tnq9g,1087
rec_crfoikh7led4pu5tnqa0,1088
rec_cobh4dsjmvif9dac1i60,1
rec_cobh4psjmvif9dac1i6g,2
rec_cobh4vcjmvif9dac1i70,3
rec_cocs42d23jsre5ghal1g,4
rec_cocs42d23jsre5ghal20,5
rec_cocs42d23jsre5ghal30,6
rec_cocs42d23jsre5ghal3g,7
rec_cocs42d23jsre5ghal40,8
rec_cqvbk0d1gpddjbh4f6p0,9
rec_cqvbk5t1gpddjbh4f6pg,10
rec_crdpudo71e8q866s3uig,11
rec_crdpv1o71e8q866s3uj0,12
rec_coeuie0fv7n3a6lu1er0,1
rec_coeuie0fv7n3a6lu1erg,2
rec_coeuie0fv7n3a6lu1esg,3
rec_coeuie0fv7n3a6lu1eug,4
rec_coeuie0fv7n3a6lu1f00,5
rec_coeuie5mk0vfn4o7g760,6
rec_coeuie5mk0vfn4o7g780,7
rec_coeuie5mk0vfn4o7g78g,8
rec_coeuie5mk0vfn4o7g79g,9
rec_coeuie5mk0vfn4o7g7a0,10
rec_coeuie5mk0vfn4o7g7b0,11
rec_conj1poc3ff4df981em0,12
rec_conj2c88a47rhu3qk1q0,13
rec_consfosme3jtt40g2l40,14
rec_consg24me3jtt40g2l4g,15
rec_cosgkna45ipgmae5fcng,16
rec_cp29n3r4f9p514bqaug0,17
rec_cp29n3r4f9p514bqaugg,18
rec_cp29n434f9p514bqav20,19
rec_cp29n434f9p514bqavhg,20
rec_cp29n434f9p514bqavi0,21
rec_cp29n434f9p514bqavig,22
rec_cp29n434f9p514bqavj0,23
rec_cp29n434f9p514bqavjg,24
rec_cp29n434f9p514bqavk0,25
rec_cp29n434f9p514bqavlg,26
rec_cp29n434f9p514bqavm0,27
rec_cp29n434f9p514bqavmg,28
rec_cp29n434f9p514bqavn0,29
rec_cp29n476gfslia6usqo0,30
rec_cp29n476gfslia6usqp0,31
rec_cp29n476gfslia6usqpg,32
rec_cp29n476gfslia6usqq0,33
rec_cp29n476gfslia6usqqg,34
rec_cp29n47vvv266bunm06g,35
rec_cp29n47vvv266bunm080,36
rec_cp29n47vvv266bunm08g,37
rec_cp29n4b4f9p514bqavng,38
rec_cp29n4b4f9p514bqavo0,39
rec_cp29n4b4f9p514bqavog,40
rec_cp29n4b4f9p514bqavp0,41
rec_cp29n4b4f9p514bqavpg,42
rec_cp29n4b4f9p514bqavq0,43
rec_cp29n4b4f9p514bqavr0,44
rec_cp29n4b4f9p514bqavrg,45
rec_cp29n4b4f9p514bqavs0,46
rec_cp29n4b4f9p514bqavsg,47
rec_cp29n4b4f9p514bqavt0,48
rec_cp29n4b4f9p514bqavtg,49
rec_cp29n4b4f9p514bqavu0,50
rec_cp29n4b4f9p514bqavug,51
rec_cp29n4b4f9p514bqavv0,52
rec_cp29n4b4f9p514bqavvg,53
rec_cp29n4b4f9p514bqb000,54
rec_cp29n4b4f9p514bqb00g,55
rec_cp29n4b4f9p514bqb010,56
rec_cp29n4b4f9p514bqb01g,57
rec_cp29n4b4f9p514bqb020,58
rec_cp29n4b4f9p514bqb02g,59
rec_cp29n4b4f9p514bqb030,60
rec_cp29n4b4f9p514bqb03g,61
rec_cp29n4b4f9p514bqb040,62
rec_cp29n4b4f9p514bqb04g,63
rec_cp29n4b4f9p514bqb050,64
rec_cp29n4b4f9p514bqb05g,65
rec_cp29n4b4f9p514bqb060,66
rec_cp29n4b4f9p514bqb06g,67
rec_cp29n4b4f9p514bqb070,68
rec_cp29n4b4f9p514bqb07g,69
rec_cp29n4b4f9p514bqb080,70
rec_cp29n4b4f9p514bqb08g,71
rec_cp29n4b4f9p514bqb09g,72
rec_cp29n4b4f9p514bqb0bg,73
rec_cp29n4b4f9p514bqb0cg,74
rec_cp29n4b4f9p514bqb0dg,75
rec_cp29n4b4f9p514bqb0e0,76
rec_cp29n4f6gfslia6usqr0,77
rec_cp29n4f6gfslia6usqrg,78
rec_cp29n4f6gfslia6usqs0,79
rec_cp29n4fvvv266bunm090,80
rec_cp29n4fvvv266bunm09g,81
rec_cp29n4fvvv266bunm0a0,82
rec_cp29n4fvvv266bunm0ag,83
rec_cp29n4fvvv266bunm0b0,84
rec_cp29n4fvvv266bunm0bg,85
rec_cp29n4fvvv266bunm0c0,86
rec_cp29n4fvvv266bunm0d0,87
rec_cp29n4fvvv266bunm0dg,88
rec_cp29n4fvvv266bunm0e0,89
rec_cp29n634f9p514bqb4gg,90
rec_cp29n67vvv266bunm39g,91
rec_cp29n6b4f9p514bqb4v0,92
rec_cp29n6b4f9p514bqb500,93
rec_cp29n6b4f9p514bqb50g,94
rec_cp29n6b4f9p514bqb520,95
rec_cp29n6b4f9p514bqb540,96
rec_cp29n6b4f9p514bqb550,97
rec_cp29n6b4f9p514bqb55g,98
rec_cp29n6b4f9p514bqb59g,99
rec_cp29n6b4f9p514bqb5ag,100
rec_cp29n6b4f9p514bqb5bg,101
rec_cp29n6b4f9p514bqb5c0,102
rec_cp29n6b4f9p514bqb5dg,103
rec_cp29n6f6gfslia6usru0,104
rec_cp29n6j4f9p514bqb5eg,105
rec_cp29n6j4f9p514bqb5f0,106
rec_cp29n6j4f9p514bqb5fg,107
rec_cp29n6j4f9p514bqb5h0,108
rec_cp29n6j4f9p514bqb5hg,109
rec_cp29n6j4f9p514bqb600,110
rec_cp29n6j4f9p514bqb61g,111
rec_cp29n6j4f9p514bqb62g,112
rec_cp29n6n6gfslia6usrvg,113
rec_cp29n7b4f9p514bqb7pg,114
rec_cqvjtmch53f5ro7djk20,115
rec_cqvjupsh53f5ro7djk2g,116
rec_crfn4brsejr8r2ralp30,117
rec_crfno83sejr8r2rhoo00,118
rec_cp2bpe76gfslia6ut3i0,1
rec_cp2bpe76gfslia6ut3ig,2
rec_cp2bpe76gfslia6ut3j0,3
rec_cp2bpe76gfslia6ut3jg,4
rec_cp2bpe76gfslia6ut3k0,5
rec_cp2bpe76gfslia6ut3kg,6
rec_cp2bpe76gfslia6ut3l0,7
rec_cp2bpe76gfslia6ut3lg,8
rec_cp2bpe76gfslia6ut3m0,9
rec_cp2bpe76gfslia6ut3mg,10
rec_cp2bpe76gfslia6ut3n0,11
rec_cp2bpe76gfslia6ut3ng,12
rec_cp2bpe76gfslia6ut3o0,13
rec_cp2bpe76gfslia6ut3og,14
rec_cp2bpe76gfslia6ut3p0,15
rec_cp2bpe76gfslia6ut3pg,16
rec_cp2bpe76gfslia6ut3q0,17
rec_cp2bpe76gfslia6ut3qg,18
rec_cp2bpe76gfslia6ut3r0,19
rec_cp2bpe76gfslia6ut3rg,20
rec_cp2bpe76gfslia6ut3s0,21
rec_cp2bpe76gfslia6ut3sg,22
rec_cp2bpe76gfslia6ut3t0,23
rec_cp2bpe76gfslia6ut3tg,24
rec_cp2bpe76gfslia6ut3u0,25
rec_cp2bpe76gfslia6ut3ug,26
rec_cp2bpe76gfslia6ut3v0,27
rec_cp2bpe76gfslia6ut3vg,28
rec_cp2bpe76gfslia6ut400,29
rec_cp2bpe76gfslia6ut40g,30
rec_cp2bpe76gfslia6ut410,31
rec_cp2bpe76gfslia6ut41g,32
rec_cp2bpe76gfslia6ut420,33
rec_cp2bpe76gfslia6ut42g,34
rec_cp2bpe76gfslia6ut430,35
rec_cp2bpe76gfslia6ut43g,36
rec_cp2bpe76gfslia6ut440,37
rec_cp2bpe76gfslia6ut44g,38
rec_cp2bpe76gfslia6ut450,39
rec_cp2bpe76gfslia6ut45g,40
rec_cp2bpe76gfslia6ut460,41
rec_cp2bpe76gfslia6ut46g,42
rec_cp2bpe76gfslia6ut470,43
rec_cp2bpe76gfslia6ut47g,44
rec_cp2bpe76gfslia6ut480,45
rec_cp2bpe76gfslia6ut48g,46
rec_cp2bpe76gfslia6ut490,47
rec_cp2bpe76gfslia6ut49g,48
rec_cp2bpe76gfslia6ut4a0,49
rec_cp2bpe76gfslia6ut4ag,50
rec_cp2bpe76gfslia6ut4b0,51
rec_cp2bpe76gfslia6ut4bg,52
rec_cp2bpe76gfslia6ut4c0,53
rec_cp2bpe76gfslia6ut4cg,54
rec_cp2bpe76gfslia6ut4d0,55
rec_cp2bpe76gfslia6ut4dg,56
rec_cp2bpe76gfslia6ut4e0,57
rec_cp2bpe76gfslia6ut4eg,58
rec_crfor9ursg113rf630n0,59
rec_crforo6rsg113rf630o0,60
