id,event,subject-matter-expert
rec_coeuie0fv7n3a6lu1er0,rec_cobdg3tbjt595h6375p0,rec_cobdfd4jmvif9dabl100
rec_coeuie0fv7n3a6lu1erg,rec_cobdg3tbjt595h637700,rec_cobdfd4jmvif9dabl100
rec_coeuie0fv7n3a6lu1esg,rec_cobdg3tbjt595h6375p0,rec_cobdfd4jmvif9dabl140
rec_coeuie0fv7n3a6lu1eug,rec_cobdg3tbjt595h637700,rec_coetr98fv7n3a6lu1e2g
rec_coeuie0fv7n3a6lu1f00,rec_cobdg3tbjt595h6376j0,rec_cobdfd4jmvif9dabl0hg
rec_coeuie5mk0vfn4o7g760,rec_cobdg3tbjt595h63774g,rec_cobdfd4jmvif9dabl100
rec_coeuie5mk0vfn4o7g780,rec_cobdg3tbjt595h6375p0,rec_cobdfd4jmvif9dabl0pg
rec_coeuie5mk0vfn4o7g78g,rec_cobdg3tbjt595h6375s0,rec_coesrt5mk0vfn4o7g71g
rec_coeuie5mk0vfn4o7g79g,rec_cobdg3tbjt595h637700,rec_coetr98fv7n3a6lu1e30
rec_coeuie5mk0vfn4o7g7a0,rec_cobdg3tbjt595h6375p0,rec_cobdfd4jmvif9dabl1ig
rec_coeuie5mk0vfn4o7g7b0,rec_cobdg3tbjt595h6375p0,rec_cobdfd4jmvif9dabl19g
rec_conj1poc3ff4df981em0,rec_cobdg3tbjt595h63767g,rec_cobdfd4jmvif9dabl1og
rec_conj2c88a47rhu3qk1q0,rec_cobdg3tbjt595h6375r0,rec_cobdfd4jmvif9dabl100
rec_consfosme3jtt40g2l40,rec_cobdg3tbjt595h637700,rec_cobdfd4jmvif9dabl140
rec_consg24me3jtt40g2l4g,rec_cobdg3tbjt595h6376j0,rec_cobdfd4jmvif9dabl15g
rec_cosgkna45ipgmae5fcng,rec_cobdg3tbjt595h6375sg,rec_cobdfd4jmvif9dabl15g
rec_cp29n3r4f9p514bqaug0,rec_cobdg3tbjt595h6375r0,rec_cobdfd4jmvif9dabl140
rec_cp29n3r4f9p514bqaugg,rec_cobdg3tbjt595h6375s0,rec_cobdfd4jmvif9dabl140
rec_cp29n434f9p514bqav20,rec_cor7qfsqc39mil7t3ra0,rec_cobdfd4jmvif9dabl140
rec_cp29n434f9p514bqavhg,rec_cobdg3tbjt595h6375kg,rec_cobdfd4jmvif9dabl100
rec_cp29n434f9p514bqavi0,rec_cp1vddn6gfslia6urd5g,rec_cobdfd4jmvif9dabl140
rec_cp29n434f9p514bqavig,rec_cobdg3tbjt595h6375mg,rec_cobdfd4jmvif9dabl100
rec_cp29n434f9p514bqavj0,rec_cobdg3tbjt595h6375lg,rec_cobdfd4jmvif9dabl100
rec_cp29n434f9p514bqavjg,rec_cobdg3tbjt595h6375ng,rec_cobdfd4jmvif9dabl100
rec_cp29n434f9p514bqavk0,rec_cobdg3tbjt595h6375s0,rec_cobdfd4jmvif9dabl100
rec_cp29n434f9p514bqavlg,rec_cobdg3tbjt595h6375qg,rec_cobdfd4jmvif9dabl100
rec_cp29n434f9p514bqavm0,rec_cobdg3tbjt595h6375og,rec_cobdfd4jmvif9dabl100
rec_cp29n434f9p514bqavmg,rec_cobdg3tbjt595h6375u0,rec_cobdfd4jmvif9dabl100
rec_cp29n434f9p514bqavn0,rec_cobdg3tbjt595h6375ug,rec_cobdfd4jmvif9dabl100
rec_cp29n476gfslia6usqo0,rec_cosk9hntn835h2atom20,rec_cobdfd4jmvif9dabl140
rec_cp29n476gfslia6usqp0,rec_cp1vddb4f9p514bqa5g0,rec_cobdfd4jmvif9dabl140
rec_cp29n476gfslia6usqpg,rec_cp1vddf6gfslia6urd50,rec_cobdfd4jmvif9dabl140
rec_cp29n476gfslia6usqq0,rec_cobdg3tbjt595h6375m0,rec_cobdfd4jmvif9dabl100
rec_cp29n476gfslia6usqqg,rec_cobdg3tbjt595h6375t0,rec_cobdfd4jmvif9dabl100
rec_cp29n47vvv266bunm06g,rec_cobdg3tbjt595h6375l0,rec_cobdfd4jmvif9dabl100
rec_cp29n47vvv266bunm080,rec_cobdg3tbjt595h6375q0,rec_cobdfd4jmvif9dabl100
rec_cp29n47vvv266bunm08g,rec_cobdg3tbjt595h6375tg,rec_cobdfd4jmvif9dabl100
rec_cp29n4b4f9p514bqavng,rec_cobdg3tbjt595h6376gg,rec_cobdfd4jmvif9dabl100
rec_cp29n4b4f9p514bqavo0,rec_cobdg3tbjt595h6376hg,rec_cobdfd4jmvif9dabl100
rec_cp29n4b4f9p514bqavog,rec_cobdg3tbjt595h6376i0,rec_cobdfd4jmvif9dabl100
rec_cp29n4b4f9p514bqavp0,rec_cobdg3tbjt595h6376j0,rec_cobdfd4jmvif9dabl100
rec_cp29n4b4f9p514bqavpg,rec_cobdg3tbjt595h6376ig,rec_cobdfd4jmvif9dabl100
rec_cp29n4b4f9p514bqavq0,rec_cobdg3tbjt595h6376l0,rec_cobdfd4jmvif9dabl100
rec_cp29n4b4f9p514bqavr0,rec_cobdg3tbjt595h6376m0,rec_cobdfd4jmvif9dabl100
rec_cp29n4b4f9p514bqavrg,rec_cobdg3tbjt595h6376p0,rec_cobdfd4jmvif9dabl100
rec_cp29n4b4f9p514bqavs0,rec_cobdg3tbjt595h6376o0,rec_cobdfd4jmvif9dabl100
rec_cp29n4b4f9p514bqavsg,rec_cobdg3tbjt595h6376n0,rec_cobdfd4jmvif9dabl100
rec_cp29n4b4f9p514bqavt0,rec_cobdg3tbjt595h6376mg,rec_cobdfd4jmvif9dabl100
rec_cp29n4b4f9p514bqavtg,rec_cobdg3tbjt595h6376q0,rec_cobdfd4jmvif9dabl100
rec_cp29n4b4f9p514bqavu0,rec_cobdg3tbjt595h6376pg,rec_cobdfd4jmvif9dabl100
rec_cp29n4b4f9p514bqavug,rec_cobdg3tbjt595h6376r0,rec_cobdfd4jmvif9dabl100
rec_cp29n4b4f9p514bqavv0,rec_cobdg3tbjt595h6376qg,rec_cobdfd4jmvif9dabl100
rec_cp29n4b4f9p514bqavvg,rec_cobdg3tbjt595h6376sg,rec_cobdfd4jmvif9dabl100
rec_cp29n4b4f9p514bqb000,rec_cobdg3tbjt595h6376s0,rec_cobdfd4jmvif9dabl100
rec_cp29n4b4f9p514bqb00g,rec_cobdg3tbjt595h6376tg,rec_cobdfd4jmvif9dabl100
rec_cp29n4b4f9p514bqb010,rec_cobdg3tbjt595h6376u0,rec_cobdfd4jmvif9dabl100
rec_cp29n4b4f9p514bqb01g,rec_cobdg3tbjt595h6376ug,rec_cobdfd4jmvif9dabl100
rec_cp29n4b4f9p514bqb020,rec_cobdg3tbjt595h6376vg,rec_cobdfd4jmvif9dabl100
rec_cp29n4b4f9p514bqb02g,rec_cobdg3tbjt595h637710,rec_cobdfd4jmvif9dabl100
rec_cp29n4b4f9p514bqb030,rec_cobdg3tbjt595h63771g,rec_cobdfd4jmvif9dabl100
rec_cp29n4b4f9p514bqb03g,rec_cobdg3tbjt595h63772g,rec_cobdfd4jmvif9dabl100
rec_cp29n4b4f9p514bqb040,rec_cobdg3tbjt595h637740,rec_cobdfd4jmvif9dabl100
rec_cp29n4b4f9p514bqb04g,rec_cobdg3tbjt595h63775g,rec_cobdfd4jmvif9dabl100
rec_cp29n4b4f9p514bqb050,rec_cobdg3tbjt595h63773g,rec_cobdfd4jmvif9dabl100
rec_cp29n4b4f9p514bqb05g,rec_cobdg3tbjt595h63776g,rec_cobdfd4jmvif9dabl100
rec_cp29n4b4f9p514bqb060,rec_cobdg3tbjt595h63777g,rec_cobdfd4jmvif9dabl100
rec_cp29n4b4f9p514bqb06g,rec_cobdg3tbjt595h63778g,rec_cobdfd4jmvif9dabl100
rec_cp29n4b4f9p514bqb070,rec_cobdg3tbjt595h637780,rec_cobdfd4jmvif9dabl100
rec_cp29n4b4f9p514bqb07g,rec_cobdg3tbjt595h63779g,rec_cobdfd4jmvif9dabl100
rec_cp29n4b4f9p514bqb080,rec_cobdg3tbjt595h6377ag,rec_cobdfd4jmvif9dabl100
rec_cp29n4b4f9p514bqb08g,rec_cobdg3tbjt595h6377a0,rec_cobdfd4jmvif9dabl100
rec_cp29n4b4f9p514bqb09g,rec_cobdg3tbjt595h6377c0,rec_cobdfd4jmvif9dabl100
rec_cp29n4b4f9p514bqb0bg,rec_cobdg3tbjt595h6377d0,rec_cobdfd4jmvif9dabl100
rec_cp29n4b4f9p514bqb0cg,rec_com4tkrj94t17efdaqc0,rec_cobdfd4jmvif9dabl100
rec_cp29n4b4f9p514bqb0dg,rec_cosk9hntn835h2atom20,rec_cobdfd4jmvif9dabl100
rec_cp29n4b4f9p514bqb0e0,rec_cor7qfsqc39mil7t3ra0,rec_cobdfd4jmvif9dabl100
rec_cp29n4f6gfslia6usqr0,rec_cobdg3tbjt595h6376k0,rec_cobdfd4jmvif9dabl100
rec_cp29n4f6gfslia6usqrg,rec_cobdg3tbjt595h6376rg,rec_cobdfd4jmvif9dabl100
rec_cp29n4f6gfslia6usqs0,rec_cobdg3tbjt595h637760,rec_cobdfd4jmvif9dabl100
rec_cp29n4fvvv266bunm090,rec_cobdg3tbjt595h6376h0,rec_cobdfd4jmvif9dabl100
rec_cp29n4fvvv266bunm09g,rec_cobdg3tbjt595h6376jg,rec_cobdfd4jmvif9dabl100
rec_cp29n4fvvv266bunm0a0,rec_cobdg3tbjt595h6376lg,rec_cobdfd4jmvif9dabl100
rec_cp29n4fvvv266bunm0ag,rec_cobdg3tbjt595h6376ng,rec_cobdfd4jmvif9dabl100
rec_cp29n4fvvv266bunm0b0,rec_cobdg3tbjt595h6376t0,rec_cobdfd4jmvif9dabl100
rec_cp29n4fvvv266bunm0bg,rec_cobdg3tbjt595h6376v0,rec_cobdfd4jmvif9dabl100
rec_cp29n4fvvv266bunm0c0,rec_cobdg3tbjt595h63770g,rec_cobdfd4jmvif9dabl100
rec_cp29n4fvvv266bunm0d0,rec_cobdg3tbjt595h637750,rec_cobdfd4jmvif9dabl100
rec_cp29n4fvvv266bunm0dg,rec_cobdg3tbjt595h637770,rec_cobdfd4jmvif9dabl100
rec_cp29n4fvvv266bunm0e0,rec_cobdg3tbjt595h637790,rec_cobdfd4jmvif9dabl100
rec_cp29n634f9p514bqb4gg,rec_cokjohn758af7femso8g,rec_cobdfd4jmvif9dabl0t0
rec_cp29n67vvv266bunm39g,rec_cosk9hntn835h2atom20,rec_cobdfd4jmvif9dabl0sg
rec_cp29n6b4f9p514bqb4v0,rec_cobdg3tbjt595h63768g,rec_cobdfd4jmvif9dabl1mg
rec_cp29n6b4f9p514bqb500,rec_cobdg3tbjt595h6376c0,rec_cobdfd4jmvif9dabl1mg
rec_cp29n6b4f9p514bqb50g,rec_cobdg3tbjt595h6376f0,rec_cobdfd4jmvif9dabl1mg
rec_cp29n6b4f9p514bqb520,rec_cobdg3tbjt595h6376bg,rec_cobdfd4jmvif9dabl1mg
rec_cp29n6b4f9p514bqb540,rec_cobdg3tbjt595h6376i0,rec_cobdfd4jmvif9dabl1mg
rec_cp29n6b4f9p514bqb550,rec_cobdg3tbjt595h6376k0,rec_cobdfd4jmvif9dabl1mg
rec_cp29n6b4f9p514bqb55g,rec_cobdg3tbjt595h6376j0,rec_cobdfd4jmvif9dabl1mg
rec_cp29n6b4f9p514bqb59g,rec_cobdg3tbjt595h6376pg,rec_cobdfd4jmvif9dabl1mg
rec_cp29n6b4f9p514bqb5ag,rec_cobdg3tbjt595h6376qg,rec_cobdfd4jmvif9dabl1mg
rec_cp29n6b4f9p514bqb5bg,rec_cobdg3tbjt595h6376sg,rec_cobdfd4jmvif9dabl1mg
rec_cp29n6b4f9p514bqb5c0,rec_cobdg3tbjt595h6376rg,rec_cobdfd4jmvif9dabl1mg
rec_cp29n6b4f9p514bqb5dg,rec_cobdg3tbjt595h6376t0,rec_cobdfd4jmvif9dabl1mg
rec_cp29n6f6gfslia6usru0,rec_cobdg3tbjt595h6376v0,rec_cobdfd4jmvif9dabl1mg
rec_cp29n6j4f9p514bqb5eg,rec_cobdg3tbjt595h637700,rec_cobdfd4jmvif9dabl1mg
rec_cp29n6j4f9p514bqb5f0,rec_cobdg3tbjt595h63770g,rec_cobdfd4jmvif9dabl1mg
rec_cp29n6j4f9p514bqb5fg,rec_cobdg3tbjt595h63772g,rec_cobdfd4jmvif9dabl1mg
rec_cp29n6j4f9p514bqb5h0,rec_cobdg3tbjt595h63774g,rec_cobdfd4jmvif9dabl1mg
rec_cp29n6j4f9p514bqb5hg,rec_cobdg3tbjt595h63775g,rec_cobdfd4jmvif9dabl1mg
rec_cp29n6j4f9p514bqb600,rec_cp1vddb4f9p514bqa5g0,rec_cobdfd4jmvif9dabl1mg
rec_cp29n6j4f9p514bqb61g,rec_cp1vddb4f9p514bqa5kg,rec_cobdfd4jmvif9dabl1mg
rec_cp29n6j4f9p514bqb62g,rec_cp1vddb4f9p514bqa5lg,rec_cobdfd4jmvif9dabl1mg
rec_cp29n6n6gfslia6usrvg,rec_cobdg3tbjt595h63778g,rec_cobdfd4jmvif9dabl1mg
rec_cp29n7b4f9p514bqb7pg,rec_cobdg3tbjt595h6375kg,rec_cobdfd4jmvif9dabl1ig
rec_cqvjtmch53f5ro7djk20,rec_cokjlu2o50dbfnaci6r0,rec_cokjn8kuttukesrsanu0
rec_cqvjupsh53f5ro7djk2g,rec_cokjlu2o50dbfnaci6r0,rec_cobdfd4jmvif9dabl1d0
rec_crfn4brsejr8r2ralp30,rec_crfn3rjsejr8r2ra965g,rec_cobdfd4jmvif9dabl130
rec_crfno83sejr8r2rhoo00,rec_crfn3rjsejr8r2ra965g,rec_crfno0h7led4pu5tnmlg
