id,member,organization
rec_cobh4dsjmvif9dac1i60,rec_cobdfd4jmvif9dabl0sg,rec_cobdhj5bjt595h6377e0
rec_cobh4psjmvif9dac1i6g,rec_cobdfd4jmvif9dabl0q0,rec_cobdhj5bjt595h6377tg
rec_cobh4vcjmvif9dac1i70,rec_cobdfd4jmvif9dabl19g,rec_cobdhj5bjt595h6377g0
rec_cocs42d23jsre5ghal1g,rec_cobdfd4jmvif9dabl110,rec_cobdhj5bjt595h6377eg
rec_cocs42d23jsre5ghal20,rec_cobdfd4jmvif9dabl17g,rec_cobdhj5bjt595h6377jg
rec_cocs42d23jsre5ghal30,rec_cobdfd4jmvif9dabl0q0,rec_cobdhj5bjt595h6377g0
rec_cocs42d23jsre5ghal3g,rec_cobdfd4jmvif9dabl1o0,rec_cobdhj5bjt595h6377u0
rec_cocs42d23jsre5ghal40,rec_cobdfd4jmvif9dabl0t0,rec_cobdhj5bjt595h6377eg
rec_cqvbk0d1gpddjbh4f6p0,rec_cobdfd4jmvif9dabl1h0,rec_cqvbjkch53f5ro7dfqr0
rec_cqvbk5t1gpddjbh4f6pg,rec_cobdfd4jmvif9dabl1h0,rec_cqvbi40lcojovqh6jao0
rec_crdpudo71e8q866s3uig,rec_cq9kkr4aqhjk0lmoiim0,rec_cqvbjkch53f5ro7dfqr0
rec_crdpv1o71e8q866s3uj0,rec_cq9kkr4aqhjk0lmoiim0,rec_crdpu4t92c2mieknkffg
