id,event,note,note-title,theory,user
rec_crj1usn71rvj45lg7ib0,,"Nulla tenuis quas amicitia adficio clementia voluptatem audio curso sperno. Velut turpis calculus. Tamen facilis vestrum spiritus suadeo theatrum possimus.
Civis supplanto crinis peccatus considero accusantium. Thesis vita civitas careo laboriosam claro accommodo campana nulla conforto. Teneo concido aequus adipiscor.","pailful drat",,
rec_crj1usn71rvj45lg7ibg,,"Hic inventore acsi voluptate. Tristis clementia tepidus aggredior amicitia tandem sto ter unus maxime. Una ab desidero cotidie ara curo tergeo.
Altus advoco clibanus laborum placeat votum vilicus omnis. Verbera excepturi amplexus nesciunt repellendus ustilo. Solvo demergo caelum arcesso nulla creptio.","fictionalise reopen",,
rec_crj1usn71rvj45lg7ic0,,"Torrens dolore cedo libero. Brevis cibus cito patria utroque placeat vulpes. Corpus solitudo audacia teres appono labore.
Facere approbo error. Facere aspicio tabesco velociter tero ultra cinis vulariter toties. Approbo concido sortitus adfero socius spiritus.","harmless tensely",,
rec_crj1usn71rvj45lg7icg,,"Angulus cursim civis approbo amissio caute concido accusamus cilicium arbustum. Repellendus vicinus astrum dolor annus subvenio animus officia arma. Compello autus absens studio.
Aegrus absque aegrotatio vacuus. Amiculum terror adsidue adnuo trepide eum. Utor alius crepusculum desipio crux.","beside or",,
rec_crj1usn71rvj45lg7id0,,"Ab vir compono conforto admiratio combibo. Arceo alii mollitia utroque vesica arbor astrum pariatur caste. Aliquam virtus cunctatio cuppedia quidem accommodo denuo distinctio.
Debitis commodi vesper est minus ago. Defleo occaecati repudiandae crepusculum. Concedo tot doloremque vita ultio vindico.","shock lest",,
rec_crj1usn71rvj45lg7idg,,"Conservo sophismata decor. Amitto voveo crur. Conor credo absorbeo decumbo utilis vilis labore.
Suppellex impedit condico allatus culpa labore turbo nihil. Alioqui sum vivo cicuta. Eos cupiditas aegrus conqueror quaerat ager abeo censura.","kilometer gerrymander",,
rec_crj1usn71rvj45lg7ie0,,"Sumo depromo vicissitudo crebro. Tabgo tabella dedecor magni virgo volup. Cogito adsuesco vulnero velum.
Deprecator natus comburo vilis arcus virtus. Blanditiis officia summopere vulpes fugit officia suffragium. Abundans aedificium abundans cursim dapifer solutio subiungo atrocitas adiuvo.","warped bore",,
rec_crj1usn71rvj45lg7ieg,,"Deporto tersus abduco. Brevis brevis dolorem ullus labore vulticulus vomer altus laboriosam. Amplus vergo qui.
Demum venia valetudo coaegresco amoveo tener vallum venustas alveus earum. Aegre conqueror absens teres ater ipsum abutor ipsam. Hic tandem rem defleo sto dignissimos minus eligendi unde aperio.","absent whereas",,
rec_crj1usn71rvj45lg7if0,,"Coadunatio celer distinctio crastinus neque. Alius angustus aspicio adflicto annus vulariter cursim libero stips. Sumo cicuta conor defetiscor ventus decumbo aeneus coma quas similique.
Vociferor timidus capio voveo perferendis. Capio comes verus non cras testimonium. Sumptus depono censura vobis vicinus animus tergeo asperiores soluta territo.","weakly as",,
rec_crj1usn71rvj45lg7ifg,,"Bardus voluptates strenuus apparatus textus. Ars crastinus claustrum cum celer ratione cunabula quis. Aperio tenus colo stips cicuta.
Aut candidus subseco adduco defaeco. Vulgo cinis autus. Unde sordeo beatus.","whether chillax",,
rec_crj1usn71rvj45lg7ig0,,"Adnuo numquam caelum somniculosus cohors venio quod adipiscor torrens. Calamitas vetus animadverto. Animi tubineus pauper cohors.
Quibusdam sumptus taceo ciminatio suppono spoliatio nesciunt audentia iste. Caste vesco exercitationem cauda. Optio cupiditas solum colo.","overheat envision",,
rec_crj1usn71rvj45lg7igg,,"Chirographum conforto carmen dedico demonstro odio excepturi vere ventito. Vehemens vesica coadunatio delectatio bos teres cubo iste recusandae cruentus. Comburo centum careo ventito.
Culpa aurum aureus ex talis. Demonstro venustas usitas clam. Pecus ager adversus ratione capio.","simplistic store",,
rec_crj1usn71rvj45lg7ih0,,"Constans appositus deludo labore voluptate tenuis stillicidium adeo temptatio cognatus. Temporibus ubi decens tamquam considero cerno dedico utor. Videlicet deludo vulgo.
Coma demens cohibeo coadunatio caveo. Tactus suffoco tum valde vulgo cohibeo degusto urbanus. Vulariter tamdiu clementia vito curatio denego vilitas vestigium.","correctly gracious",,
rec_crj1usn71rvj45lg7ihg,,"Sodalitas deserunt deripio coerceo umquam spiritus. Ocer verbera damnatio damno turpis armarium denego denique culpo. Consectetur spes studio color cenaculum crepusculum color sponte sequi.
Quibusdam talio aggero soluta vicissitudo demum vitae defessus cetera utilis. Exercitationem abduco uterque. Tunc audeo ex sum vestigium deleo fuga.","afore zowie",,
rec_crj1usn71rvj45lg7ii0,,"Creo decens antepono textor cenaculum uter deripio. Accusator porro vomer avaritia depromo tabula claro compello terga. Arcesso tamdiu capio veritatis pauper voro demonstro iusto vel.
Tricesimus turbo adaugeo vir crinis. Modi administratio assentator. Tui mollitia adulescens caput aiunt aqua tenuis ventosus theatrum cursus.","yowza wherever",,
rec_crj1usn71rvj45lg7iig,,"Thalassinus tristis terminatio surculus inflammatio solvo. Deporto demum amiculum torrens audio subito comptus aduro aranea. Caterva volubilis vicinus caute vapulus summisse vinitor.
Adversus compello comprehendo nam patrocinor uter campana. Tam commodo deinde attollo. Teres asporto curis occaecati cupio strues benigne officiis carbo.","playful realm",,
rec_crj1usn71rvj45lg7ij0,,"Vicissitudo incidunt decumbo aperiam abutor accedo comes sto totidem cado. Reprehenderit certus suppono appono decor crux ceno adflicto. Sopor tricesimus adaugeo cribro aiunt crux cariosus minus vilitas.
Supellex adopto veritatis charisma sonitus claustrum. Tendo paulatim complectus vociferor somnus aut tepesco alioqui. Catena deprimo sustineo tandem facilis caute antepono.","incidentally saw",,
rec_crj1usn71rvj45lg7ijg,,"Nisi vindico amitto cohaero sono bonus cras adipisci molestiae. Cupiditate sum sol amissio vesper. Socius bene compello clementia delibero velum similique delectatio.
Creo cultellus voveo teres adiuvo. Casus voluptas ipsum acer. Cito vinco tempore varius tredecim totam vereor deduco thesaurus.","wherever for",,
rec_crj1usn71rvj45lg7ik0,,"Harum sint volubilis texo cohors titulus veritas thorax. Copia adipiscor alo tollo veritas adversus aro cerno. Verbera tamdiu uberrime thermae deficio terga odit explicabo.
Vilicus harum cariosus. Magni totidem denego delinquo collum comminor sulum vis. Cohors tondeo ex torqueo excepturi thesaurus amplus impedit ubi.","clearly and",,
rec_crj1usn71rvj45lg7ikg,,"Aequus confido tamisium crastinus aliquam bibo voluptate comis aestas laborum. Caritas eveniet vetus socius. Vesper tantillus tredecim cenaculum corrupti vinco quibusdam bonus sumptus.
Laborum coniuratio accusamus audio. Derideo tempora candidus versus super. Sumptus ver baiulus voluptatem turbo.","brr as",,
rec_crj1usn71rvj45lg7il0,,"Abbas cunabula unus. Abundans cognatus nesciunt. Appositus argumentum iste tabernus.
Testimonium ustulo itaque. Artificiose abundans dedico aranea timidus absque. Capillus vulgus aequus.","aggravate reveal",,
rec_crj1usn71rvj45lg7ilg,,"Averto tollo caries deprimo provident. Aggero creta capitulus utilis infit. Aeger adstringo demoror acidus adinventitias.
Crinis patria harum. Laboriosam incidunt cibo verbera vesco inflammatio adamo. Cenaculum molestias adinventitias.","memory request",,
rec_crj1usn71rvj45lg7im0,,"Culpo vetus depromo. Acceptus libero labore magni conduco copia statim sui. Teneo viriliter ipsam stipes contra caste conduco.
Amor consuasor subvenio adflicto avaritia cruciamentum caveo benevolentia tardus quod. Quam inventore certe. Valens aut adaugeo succedo talio patior.","towards standpoint",,
rec_crj1usn71rvj45lg7img,,"Uter vox carmen repudiandae strues acidus vespillo abduco ubi uberrime. Aer annus ex tergiversatio succedo adopto autem cupio correptius arma. Certus optio defessus crux accusator accommodo amplus timor.
Acervus utpote deludo trucido. Magni stillicidium magnam qui aperte atrocitas verbera adversus annus aliquid. Depono usus terebro anser.","titter urgently",,
rec_crj1usn71rvj45lg7in0,,"Adstringo debeo tertius theatrum cavus deputo sufficio. Antiquus sopor vulgus traho universe curso summisse curvo. Dedecor ventosus carpo.
Corrigo arceo turbo ait bonus alienus. Cubitum dignissimos tempore cogo civis armarium qui deorsum apud. Vacuus cauda aequus cotidie.","less hideous",,
